"Data";"Descrição";"Tipo";"Receita ou Despesa";"Campanha";"Valor";"Centro";"Subcentro";"Saldo acumulado";"Observação"
"02/01/2024";"Oferta missionária";"Oferta para Missões";"Receita";"Missões Mundiais (sugerida pelo ciclo)";"503,10";"Missões Mundiais (centro antigo)";"";"503,10";""
"21/01/2024";"Oferta missionária";"Oferta para Missões";"Receita";"Missões Mundiais (sugerida pelo ciclo)";"355,00";"Ofertas Missionárias (centro antigo)";"";"858,10";""
"28/01/2024";"Oferta missionária";"Oferta para Missões";"Receita";"Missões Mundiais (sugerida pelo ciclo)";"5,00";"Missões Mundiais (centro antigo)";"";"863,10";""
"28/01/2024";"Oferta missionária";"Oferta para Missões";"Receita";"Missões Mundiais (sugerida pelo ciclo)";"50,10";"Missões Mundiais (centro antigo)";"";"913,20";""
"03/03/2024";"Oferta missionária";"Oferta para Missões";"Receita";"Missões Mundiais (sugerida pelo ciclo)";"5,00";"Missões Mundiais (centro antigo)";"";"918,20";""
"03/03/2024";"Oferta missionária";"Oferta para Missões";"Receita";"Missões Mundiais (sugerida pelo ciclo)";"5,00";"Missões Mundiais (centro antigo)";"";"923,20";""
"03/03/2024";"Oferta missionária";"Oferta para Missões";"Receita";"Missões Mundiais (sugerida pelo ciclo)";"295,00";"Missões Mundiais (centro antigo)";"";"1218,20";""
"31/03/2024";"Oferta missionária";"Oferta para Missões";"Receita";"Missões Mundiais (sugerida pelo ciclo)";"20,00";"Missões Mundiais (centro antigo)";"";"1238,20";""
"31/03/2024";"Oferta missionária";"Oferta para Missões";"Receita";"Missões Mundiais (sugerida pelo ciclo)";"10,00";"Missões Mundiais (centro antigo)";"";"1248,20";""
"31/03/2024";"Oferta missionária";"Oferta para Missões";"Receita";"Missões Mundiais (sugerida pelo ciclo)";"1,40";"Missões Mundiais (centro antigo)";"";"1249,60";""
"07/04/2024";"Oferta missionária";"Oferta para Missões";"Receita";"Missões Mundiais (sugerida pelo ciclo)";"290,00";"Missões Mundiais (centro antigo)";"";"1539,60";""
"07/04/2024";"Oferta missionária";"Oferta para Missões";"Receita";"Missões Mundiais (sugerida pelo ciclo)";"5,00";"Missões Mundiais (centro antigo)";"";"1544,60";""
"07/04/2024";"Oferta missionária";"Oferta para Missões";"Receita";"Missões Mundiais (sugerida pelo ciclo)";"70,00";"Missões Mundiais (centro antigo)";"";"1614,60";""
"28/04/2024";"Oferta missionária";"Oferta para Missões";"Receita";"Missões Mundiais (sugerida pelo ciclo)";"21,50";"Missões Mundiais (centro antigo)";"";"1636,10";""
"28/04/2024";"Oferta missionária";"Oferta para Missões";"Receita";"Missões Mundiais (sugerida pelo ciclo)";"20,00";"Missões Mundiais (centro antigo)";"";"1656,10";""
"05/05/2024";"Oferta missionária";"Oferta para Missões";"Receita";"Missões Mundiais (sugerida pelo ciclo)";"50,00";"Missões Mundiais (centro antigo)";"";"1706,10";""
"05/05/2024";"Oferta missionária";"Oferta para Missões";"Receita";"Missões Mundiais (sugerida pelo ciclo)";"2,35";"Missões Mundiais (centro antigo)";"";"1708,45";""
"05/05/2024";"Oferta missionária";"Oferta para Missões";"Receita";"Missões Mundiais (sugerida pelo ciclo)";"50,00";"Missões Mundiais (centro antigo)";"";"1758,45";""
"05/05/2024";"Oferta missionária";"Oferta para Missões";"Receita";"Missões Mundiais (sugerida pelo ciclo)";"2,00";"Missões Mundiais (centro antigo)";"";"1760,45";""
"05/05/2024";"Oferta missionária";"Oferta para Missões";"Receita";"Missões Mundiais (sugerida pelo ciclo)";"300,00";"Missões Mundiais (centro antigo)";"";"2060,45";""
"05/05/2024";"Oferta missionária";"Oferta para Missões";"Receita";"Missões Mundiais (sugerida pelo ciclo)";"6,00";"Missões Mundiais (centro antigo)";"";"2066,45";""
"12/05/2024";"Oferta missionária";"Oferta para Missões";"Receita";"Missões Mundiais (sugerida pelo ciclo)";"2,00";"Ofertas Missionárias (centro antigo)";"";"2068,45";""
"19/05/2024";"Oferta missionária";"Oferta para Missões";"Receita";"Missões Mundiais (sugerida pelo ciclo)";"1,00";"Missões Mundiais (centro antigo)";"";"2069,45";""
"19/05/2024";"Oferta missionária";"Oferta para Missões";"Receita";"Missões Mundiais (sugerida pelo ciclo)";"0,90";"Missões Mundiais (centro antigo)";"";"2070,35";""
"19/05/2024";"Oferta missionária";"Oferta para Missões";"Receita";"Missões Mundiais (sugerida pelo ciclo)";"20,00";"Missões Mundiais (centro antigo)";"";"2090,35";""
"19/05/2024";"Oferta missionária";"Oferta para Missões";"Receita";"Missões Mundiais (sugerida pelo ciclo)";"1,00";"Missões Mundiais (centro antigo)";"";"2091,35";""
"19/05/2024";"Oferta missionária";"Oferta para Missões";"Receita";"Missões Mundiais (sugerida pelo ciclo)";"25,00";"Missões Mundiais (centro antigo)";"";"2116,35";""
"19/05/2024";"Oferta missionária";"Oferta para Missões";"Receita";"Missões Mundiais (sugerida pelo ciclo)";"10,00";"Missões Mundiais (centro antigo)";"";"2126,35";""
"26/05/2024";"Oferta missionária";"Oferta para Missões";"Receita";"Missões Mundiais (sugerida pelo ciclo)";"260,00";"Missões Mundiais (centro antigo)";"";"2386,35";""
"26/05/2024";"Oferta missionária";"Oferta para Missões";"Receita";"Missões Mundiais (sugerida pelo ciclo)";"150,00";"Ofertas Missionárias (centro antigo)";"";"2536,35";""
"27/05/2024";"Oferta missionária";"Oferta para Missões";"Receita";"Missões Mundiais (sugerida pelo ciclo)";"25,00";"Missões Mundiais (centro antigo)";"";"2561,35";""
"27/05/2024";"Oferta missionária";"Oferta para Missões";"Receita";"Missões Mundiais (sugerida pelo ciclo)";"20,00";"Ofertas Missionárias (centro antigo)";"";"2581,35";""
"27/05/2024";"Oferta missionária";"Oferta para Missões";"Receita";"Missões Mundiais (sugerida pelo ciclo)";"20,00";"Ofertas Missionárias (centro antigo)";"";"2601,35";""
"02/06/2024";"Oferta missionária";"Oferta para Missões";"Receita";"Missões Mundiais (sugerida pelo ciclo)";"200,00";"Missões Mundiais (centro antigo)";"";"2801,35";""
"02/06/2024";"Oferta missionária";"Oferta para Missões";"Receita";"Missões Mundiais (sugerida pelo ciclo)";"200,00";"Missões Mundiais (centro antigo)";"";"3001,35";""
"02/06/2024";"Oferta missionária";"Oferta para Missões";"Receita";"Missões Mundiais (sugerida pelo ciclo)";"220,00";"Missões Mundiais (centro antigo)";"";"3221,35";""
"02/06/2024";"Oferta missionária";"Oferta para Missões";"Receita";"Missões Mundiais (sugerida pelo ciclo)";"62,00";"Missões Mundiais (centro antigo)";"";"3283,35";""
"02/06/2024";"Oferta missionária";"Oferta para Missões";"Receita";"Missões Mundiais (sugerida pelo ciclo)";"20,00";"Missões Mundiais (centro antigo)";"";"3303,35";""
"08/06/2024";"Oferta missionária";"Oferta para Missões";"Receita";"Missões Mundiais (sugerida pelo ciclo)";"160,50";"Min. Administração";"";"3463,85";"categoria de missões com centro Administração: conferir"
"08/06/2024";"Oferta missionária";"Oferta para Missões";"Receita";"Missões Mundiais (sugerida pelo ciclo)";"750,00";"Missões Mundiais (centro antigo)";"";"4213,85";""
"08/06/2024";"Oferta missionária";"Oferta para Missões";"Receita";"Missões Mundiais (sugerida pelo ciclo)";"1000,00";"Missões Mundiais (centro antigo)";"";"5213,85";""
"09/06/2024";"Oferta missionária";"Oferta para Missões";"Receita";"Missões Mundiais (sugerida pelo ciclo)";"10,00";"Missões Mundiais (centro antigo)";"";"5223,85";""
"09/06/2024";"Oferta missionária";"Oferta para Missões";"Receita";"Missões Mundiais (sugerida pelo ciclo)";"15,00";"Missões Mundiais (centro antigo)";"";"5238,85";""
"09/06/2024";"Oferta missionária";"Oferta para Missões";"Receita";"Missões Mundiais (sugerida pelo ciclo)";"24,00";"Missões Mundiais (centro antigo)";"";"5262,85";""
"10/06/2024";"Oferta missionária";"Oferta para Missões";"Receita";"Missões Mundiais (sugerida pelo ciclo)";"3,96";"(sem centro)";"";"5266,81";"sem centro de custo"
"10/06/2024";"Oferta missionária";"Oferta para Missões";"Receita";"Missões Mundiais (sugerida pelo ciclo)";"12,88";"(sem centro)";"";"5279,69";"sem centro de custo"
"10/06/2024";"Oferta missionária";"Oferta para Missões";"Receita";"Missões Mundiais (sugerida pelo ciclo)";"28,73";"(sem centro)";"";"5308,42";"sem centro de custo"
"10/06/2024";"Oferta missionária";"Oferta para Missões";"Receita";"Missões Mundiais (sugerida pelo ciclo)";"39,63";"(sem centro)";"";"5348,05";"sem centro de custo"
"10/06/2024";"Oferta missionária";"Oferta para Missões";"Receita";"Missões Mundiais (sugerida pelo ciclo)";"50,00";"(sem centro)";"";"5398,05";"sem centro de custo"
"10/06/2024";"Oferta missionária";"Oferta para Missões";"Receita";"Missões Mundiais (sugerida pelo ciclo)";"79,26";"(sem centro)";"";"5477,31";"sem centro de custo"
"10/06/2024";"Oferta missionária";"Oferta para Missões";"Receita";"Missões Mundiais (sugerida pelo ciclo)";"99,08";"(sem centro)";"";"5576,39";"sem centro de custo"
"10/06/2024";"Oferta missionária";"Oferta para Missões";"Receita";"Missões Mundiais (sugerida pelo ciclo)";"59,45";"(sem centro)";"";"5635,84";"sem centro de custo"
"10/06/2024";"Oferta missionária";"Oferta para Missões";"Receita";"Missões Mundiais (sugerida pelo ciclo)";"29,72";"(sem centro)";"";"5665,56";"sem centro de custo"
"10/06/2024";"Oferta missionária";"Oferta para Missões";"Receita";"Missões Mundiais (sugerida pelo ciclo)";"14,86";"(sem centro)";"";"5680,42";"sem centro de custo"
"10/06/2024";"Oferta missionária";"Oferta para Missões";"Receita";"Missões Mundiais (sugerida pelo ciclo)";"17,83";"(sem centro)";"";"5698,25";"sem centro de custo"
"10/06/2024";"Oferta missionária";"Oferta para Missões";"Receita";"Missões Mundiais (sugerida pelo ciclo)";"10,00";"(sem centro)";"";"5708,25";"sem centro de custo"
"10/06/2024";"Oferta missionária";"Oferta para Missões";"Receita";"Missões Mundiais (sugerida pelo ciclo)";"29,72";"(sem centro)";"";"5737,97";"sem centro de custo"
"10/06/2024";"Oferta missionária";"Oferta para Missões";"Receita";"Missões Mundiais (sugerida pelo ciclo)";"151,10";"(sem centro)";"";"5889,07";"sem centro de custo"
"10/06/2024";"Oferta missionária";"Oferta para Missões";"Receita";"Missões Mundiais (sugerida pelo ciclo)";"27,74";"(sem centro)";"";"5916,81";"sem centro de custo"
"10/06/2024";"Oferta missionária";"Oferta para Missões";"Receita";"Missões Mundiais (sugerida pelo ciclo)";"43,00";"(sem centro)";"";"5959,81";"sem centro de custo"
"10/06/2024";"Oferta missionária";"Oferta para Missões";"Receita";"Missões Mundiais (sugerida pelo ciclo)";"23,78";"(sem centro)";"";"5983,59";"sem centro de custo"
"10/06/2024";"Oferta missionária";"Oferta para Missões";"Receita";"Missões Mundiais (sugerida pelo ciclo)";"124,84";"(sem centro)";"";"6108,43";"sem centro de custo"
"10/06/2024";"Oferta missionária";"Oferta para Missões";"Receita";"Missões Mundiais (sugerida pelo ciclo)";"74,31";"(sem centro)";"";"6182,74";"sem centro de custo"
"10/06/2024";"Oferta missionária";"Oferta para Missões";"Receita";"Missões Mundiais (sugerida pelo ciclo)";"198,16";"(sem centro)";"";"6380,90";"sem centro de custo"
"10/06/2024";"Oferta missionária";"Oferta para Missões";"Receita";"Missões Mundiais (sugerida pelo ciclo)";"362,13";"(sem centro)";"";"6743,03";"sem centro de custo"
"10/06/2024";"Oferta missionária";"Oferta para Missões";"Receita";"Missões Mundiais (sugerida pelo ciclo)";"20,81";"(sem centro)";"";"6763,84";"sem centro de custo"
"10/06/2024";"Oferta missionária";"Oferta para Missões";"Receita";"Missões Mundiais (sugerida pelo ciclo)";"59,45";"(sem centro)";"";"6823,29";"sem centro de custo"
"10/06/2024";"Oferta missionária";"Oferta para Missões";"Receita";"Missões Mundiais (sugerida pelo ciclo)";"1384,18";"(sem centro)";"";"8207,47";"sem centro de custo"
"10/06/2024";"Oferta missionária";"Oferta para Missões";"Receita";"Missões Mundiais (sugerida pelo ciclo)";"60,00";"(sem centro)";"";"8267,47";"sem centro de custo"
"10/06/2024";"Oferta missionária";"Oferta para Missões";"Receita";"Missões Mundiais (sugerida pelo ciclo)";"37,65";"(sem centro)";"";"8305,12";"sem centro de custo"
"10/06/2024";"Oferta missionária";"Oferta para Missões";"Receita";"Missões Mundiais (sugerida pelo ciclo)";"5,94";"(sem centro)";"";"8311,06";"sem centro de custo"
"10/06/2024";"Oferta missionária";"Oferta para Missões";"Receita";"Missões Mundiais (sugerida pelo ciclo)";"1192,21";"(sem centro)";"";"9503,27";"sem centro de custo"
"10/06/2024";"Oferta missionária";"Oferta para Missões";"Receita";"Missões Mundiais (sugerida pelo ciclo)";"19,82";"(sem centro)";"";"9523,09";"sem centro de custo"
"10/06/2024";"Oferta missionária";"Oferta para Missões";"Receita";"Missões Mundiais (sugerida pelo ciclo)";"49,54";"(sem centro)";"";"9572,63";"sem centro de custo"
"10/06/2024";"Oferta missionária";"Oferta para Missões";"Receita";"Missões Mundiais (sugerida pelo ciclo)";"84,22";"(sem centro)";"";"9656,85";"sem centro de custo"
"10/06/2024";"Oferta missionária";"Oferta para Missões";"Receita";"Missões Mundiais (sugerida pelo ciclo)";"150,10";"(sem centro)";"";"9806,95";"sem centro de custo"
"10/06/2024";"Oferta missionária";"Oferta para Missões";"Receita";"Missões Mundiais (sugerida pelo ciclo)";"64,00";"(sem centro)";"";"9870,95";"sem centro de custo"
"10/06/2024";"Oferta missionária";"Oferta para Missões";"Receita";"Missões Mundiais (sugerida pelo ciclo)";"49,54";"(sem centro)";"";"9920,49";"sem centro de custo"
"10/06/2024";"Oferta missionária";"Oferta para Missões";"Receita";"Missões Mundiais (sugerida pelo ciclo)";"123,85";"(sem centro)";"";"10044,34";"sem centro de custo"
"10/06/2024";"Oferta missionária";"Oferta para Missões";"Receita";"Missões Mundiais (sugerida pelo ciclo)";"17,83";"(sem centro)";"";"10062,17";"sem centro de custo"
"10/06/2024";"Oferta missionária";"Oferta para Missões";"Receita";"Missões Mundiais (sugerida pelo ciclo)";"10,90";"(sem centro)";"";"10073,07";"sem centro de custo"
"10/06/2024";"Oferta missionária";"Oferta para Missões";"Receita";"Missões Mundiais (sugerida pelo ciclo)";"44,59";"(sem centro)";"";"10117,66";"sem centro de custo"
"11/06/2024";"Oferta missionária";"Oferta para Missões";"Receita";"Missões Mundiais (sugerida pelo ciclo)";"632,24";"(sem centro)";"";"10749,90";"sem centro de custo"
"11/06/2024";"Oferta missionária";"Oferta para Missões";"Receita";"Missões Mundiais (sugerida pelo ciclo)";"1057,87";"(sem centro)";"";"11807,77";"sem centro de custo"
"11/06/2024";"Oferta missionária";"Oferta para Missões";"Receita";"Missões Mundiais (sugerida pelo ciclo)";"189,89";"(sem centro)";"";"11997,66";"sem centro de custo"
"13/06/2024";"Oferta missionária";"Oferta para Missões";"Receita";"Missões Mundiais (sugerida pelo ciclo)";"80,00";"(sem centro)";"";"12077,66";"sem centro de custo"
"14/06/2024";"Oferta missionária";"Oferta para Missões";"Receita";"Missões Mundiais (sugerida pelo ciclo)";"850,10";"(sem centro)";"";"12927,76";"sem centro de custo"
"14/06/2024";"Oferta missionária";"Oferta para Missões";"Receita";"Missões Mundiais (sugerida pelo ciclo)";"1500,10";"(sem centro)";"";"14427,86";"sem centro de custo"
"14/06/2024";"Oferta missionária";"Oferta para Missões";"Receita";"Missões Mundiais (sugerida pelo ciclo)";"2000,10";"(sem centro)";"";"16427,96";"sem centro de custo"
"16/06/2024";"Oferta missionária";"Oferta para Missões";"Receita";"Missões Mundiais (sugerida pelo ciclo)";"1,55";"Missões Mundiais (centro antigo)";"";"16429,51";""
"16/06/2024";"Oferta missionária";"Oferta para Missões";"Receita";"Missões Mundiais (sugerida pelo ciclo)";"5,00";"Missões Mundiais (centro antigo)";"";"16434,51";""
"16/06/2024";"Oferta missionária";"Oferta para Missões";"Receita";"Missões Mundiais (sugerida pelo ciclo)";"20,00";"Missões Mundiais (centro antigo)";"";"16454,51";""
"16/06/2024";"Oferta missionária";"Oferta para Missões";"Receita";"Missões Mundiais (sugerida pelo ciclo)";"2,00";"Missões Mundiais (centro antigo)";"";"16456,51";""
"16/06/2024";"Oferta missionária";"Oferta para Missões";"Receita";"Missões Mundiais (sugerida pelo ciclo)";"5,00";"Missões Mundiais (centro antigo)";"";"16461,51";""
"16/06/2024";"Oferta missionária";"Oferta para Missões";"Receita";"Missões Mundiais (sugerida pelo ciclo)";"292,00";"Missões Mundiais (centro antigo)";"";"16753,51";""
"16/06/2024";"Oferta missionária";"Oferta para Missões";"Receita";"Missões Mundiais (sugerida pelo ciclo)";"350,00";"Missões Mundiais (centro antigo)";"";"17103,51";""
"16/06/2024";"Oferta missionária";"Oferta para Missões";"Receita";"Missões Mundiais (sugerida pelo ciclo)";"20,00";"Missões Mundiais (centro antigo)";"";"17123,51";""
"17/06/2024";"Oferta missionária";"Oferta para Missões";"Receita";"Missões Mundiais (sugerida pelo ciclo)";"300,10";"(sem centro)";"";"17423,61";"sem centro de custo"
"17/06/2024";"Oferta missionária";"Oferta para Missões";"Receita";"Missões Mundiais (sugerida pelo ciclo)";"120,10";"(sem centro)";"";"17543,71";"sem centro de custo"
"17/06/2024";"Oferta missionária";"Oferta para Missões";"Receita";"Missões Mundiais (sugerida pelo ciclo)";"1500,10";"(sem centro)";"";"19043,81";"sem centro de custo"
"17/06/2024";"Oferta missionária";"Oferta para Missões";"Receita";"Missões Mundiais (sugerida pelo ciclo)";"200,10";"(sem centro)";"";"19243,91";"sem centro de custo"
"17/06/2024";"Oferta missionária";"Oferta para Missões";"Receita";"Missões Mundiais (sugerida pelo ciclo)";"200,00";"(sem centro)";"";"19443,91";"sem centro de custo"
"18/06/2024";"Oferta missionária";"Oferta para Missões";"Receita";"Missões Mundiais (sugerida pelo ciclo)";"400,10";"(sem centro)";"";"19844,01";"sem centro de custo"
"19/06/2024";"Oferta missionária";"Oferta para Missões";"Receita";"Missões Mundiais (sugerida pelo ciclo)";"130,10";"(sem centro)";"";"19974,11";"sem centro de custo"
"19/06/2024";"Oferta missionária";"Oferta para Missões";"Receita";"Missões Mundiais (sugerida pelo ciclo)";"200,00";"(sem centro)";"";"20174,11";"sem centro de custo"
"23/06/2024";"Oferta missionária";"Oferta para Missões";"Receita";"Missões Mundiais (sugerida pelo ciclo)";"20,00";"Missões Mundiais (centro antigo)";"";"20194,11";""
"23/06/2024";"Oferta missionária";"Oferta para Missões";"Receita";"Missões Mundiais (sugerida pelo ciclo)";"50,00";"Missões Mundiais (centro antigo)";"";"20244,11";""
"23/06/2024";"Oferta missionária";"Oferta para Missões";"Receita";"Missões Mundiais (sugerida pelo ciclo)";"60,00";"Missões Mundiais (centro antigo)";"";"20304,11";""
"23/06/2024";"Oferta missionária";"Oferta para Missões";"Receita";"Missões Mundiais (sugerida pelo ciclo)";"10,00";"(sem centro)";"";"20314,11";"sem centro de custo"
"23/06/2024";"Oferta missionária";"Oferta para Missões";"Receita";"Missões Mundiais (sugerida pelo ciclo)";"386,00";"Missões Mundiais (centro antigo)";"";"20700,11";""
"23/06/2024";"Oferta missionária";"Oferta para Missões";"Receita";"Missões Mundiais (sugerida pelo ciclo)";"150,00";"Missões Mundiais (centro antigo)";"";"20850,11";""
"23/06/2024";"Oferta missionária";"Oferta para Missões";"Receita";"Missões Mundiais (sugerida pelo ciclo)";"200,00";"Missões Mundiais (centro antigo)";"";"21050,11";""
"23/06/2024";"Oferta missionária";"Oferta para Missões";"Receita";"Missões Mundiais (sugerida pelo ciclo)";"200,00";"(sem centro)";"";"21250,11";"sem centro de custo"
"23/06/2024";"Oferta missionária";"Oferta para Missões";"Receita";"Missões Mundiais (sugerida pelo ciclo)";"90,00";"Missões Mundiais (centro antigo)";"";"21340,11";""
"24/06/2024";"Oferta missionária";"Oferta para Missões";"Receita";"Missões Mundiais (sugerida pelo ciclo)";"500,10";"(sem centro)";"";"21840,21";"sem centro de custo"
"24/06/2024";"Oferta missionária";"Oferta para Missões";"Receita";"Missões Mundiais (sugerida pelo ciclo)";"200,10";"(sem centro)";"";"22040,31";"sem centro de custo"
"24/06/2024";"Oferta missionária";"Oferta para Missões";"Receita";"Missões Mundiais (sugerida pelo ciclo)";"200,10";"(sem centro)";"";"22240,41";"sem centro de custo"
"26/06/2024";"Oferta missionária";"Oferta para Missões";"Receita";"Missões Mundiais (sugerida pelo ciclo)";"372,10";"(sem centro)";"";"22612,51";"sem centro de custo"
"30/06/2024";"Oferta missionária";"Oferta para Missões";"Receita";"Missões Mundiais (sugerida pelo ciclo)";"701,45";"(sem centro)";"";"23313,96";"sem centro de custo"
"30/06/2024";"Oferta missionária";"Oferta para Missões";"Receita";"Missões Mundiais (sugerida pelo ciclo)";"55,00";"(sem centro)";"";"23368,96";"sem centro de custo"
"30/06/2024";"Oferta missionária";"Oferta para Missões";"Receita";"Missões Mundiais (sugerida pelo ciclo)";"179,50";"(sem centro)";"";"23548,46";"sem centro de custo"
"30/06/2024";"Oferta missionária";"Oferta para Missões";"Receita";"Missões Mundiais (sugerida pelo ciclo)";"61,55";"(sem centro)";"";"23610,01";"sem centro de custo"
"01/07/2024";"Oferta missionária";"Oferta para Missões";"Receita";"Missões Mundiais (sugerida pelo ciclo)";"78,10";"(sem centro)";"";"23688,11";"sem centro de custo"
"01/07/2024";"Oferta missionária";"Oferta para Missões";"Receita";"Missões Mundiais (sugerida pelo ciclo)";"200,10";"(sem centro)";"";"23888,21";"sem centro de custo"
"01/07/2024";"Oferta missionária";"Oferta para Missões";"Receita";"Missões Mundiais (sugerida pelo ciclo)";"30,10";"(sem centro)";"";"23918,31";"sem centro de custo"
"05/07/2024";"Oferta missionária";"Oferta para Missões";"Receita";"Missões Mundiais (sugerida pelo ciclo)";"50,10";"(sem centro)";"";"23968,41";"sem centro de custo"
"07/07/2024";"Oferta missionária";"Oferta para Missões";"Receita";"Missões Mundiais (sugerida pelo ciclo)";"600,00";"(sem centro)";"";"24568,41";"sem centro de custo"
"07/07/2024";"Oferta missionária";"Oferta para Missões";"Receita";"Missões Mundiais (sugerida pelo ciclo)";"150,00";"(sem centro)";"";"24718,41";"sem centro de custo"
"07/07/2024";"Oferta missionária";"Oferta para Missões";"Receita";"Missões Mundiais (sugerida pelo ciclo)";"291,00";"(sem centro)";"";"25009,41";"sem centro de custo"
"12/07/2024";"Remessa — Junta de Missões Nacionais";"Envio Missionário";"Despesa";"Missões Nacionais";"10327,58";"Min. Evangelismo e Missões";"Envios Missionários";"14681,83";"Junta Nacional. Paga à Junta NACIONAL; sem arrecadação de 2024 que a sustente (hipótese: saldo da campanha de 2023, anterior ao Omie). Descrição gravada dizia 'Mundiais'."
"12/07/2024";"Remessa — Junta de Missões Mundiais";"Envio Missionário";"Despesa";"Missões Mundiais";"1551,32";"Min. Evangelismo e Missões";"Envios Missionários";"13130,51";"Junta Mundial. Confirmada pelo histórico da Junta Mundial."
"14/07/2024";"Oferta missionária";"Oferta para Missões";"Receita";"Missões Mundiais (sugerida pelo ciclo)";"502,00";"(sem centro)";"";"13632,51";"sem centro de custo"
"04/08/2024";"Oferta missionária";"Oferta para Missões";"Receita";"Missões Mundiais (sugerida pelo ciclo)";"290,00";"(sem centro)";"";"13922,51";"sem centro de custo"
"27/08/2024";"Remessa — Junta de Missões Mundiais";"Envio Missionário";"Despesa";"Missões Mundiais";"25955,20";"Min. Evangelismo e Missões";"Envios Missionários";"-12032,69";"Junta Mundial. Remessa principal de Mundiais 2024; confirmada pela Junta. Quase igual ao arrecadado do ciclo (25.801,41)."
"08/09/2024";"Oferta missionária";"Oferta para Missões";"Receita";"Missões Nacionais (sugerida pelo ciclo)";"300,00";"(sem centro)";"";"-11732,69";"sem centro de custo"
"22/09/2024";"Oferta missionária";"Oferta para Missões";"Receita";"Missões Nacionais (sugerida pelo ciclo)";"50,00";"(sem centro)";"";"-11682,69";"sem centro de custo"
"29/09/2024";"Oferta missionária";"Oferta para Missões";"Receita";"Missões Nacionais (sugerida pelo ciclo)";"200,00";"(sem centro)";"";"-11482,69";"sem centro de custo"
"06/10/2024";"Oferta missionária";"Oferta para Missões";"Receita";"Missões Nacionais (sugerida pelo ciclo)";"20,00";"(sem centro)";"";"-11462,69";"sem centro de custo"
"06/10/2024";"Oferta missionária";"Oferta para Missões";"Receita";"Missões Nacionais (sugerida pelo ciclo)";"100,00";"(sem centro)";"";"-11362,69";"sem centro de custo"
"06/10/2024";"Oferta missionária";"Oferta para Missões";"Receita";"Missões Nacionais (sugerida pelo ciclo)";"400,00";"(sem centro)";"";"-10962,69";"sem centro de custo"
"13/10/2024";"Oferta missionária";"Oferta para Missões";"Receita";"Missões Nacionais (sugerida pelo ciclo)";"100,00";"(sem centro)";"";"-10862,69";"sem centro de custo"
"20/10/2024";"Oferta missionária";"Oferta para Missões";"Receita";"Missões Nacionais (sugerida pelo ciclo)";"2,00";"(sem centro)";"";"-10860,69";"sem centro de custo"
"20/10/2024";"Oferta missionária";"Oferta para Missões";"Receita";"Missões Nacionais (sugerida pelo ciclo)";"10,00";"(sem centro)";"";"-10850,69";"sem centro de custo"
"03/11/2024";"Oferta missionária";"Oferta para Missões";"Receita";"Missões Nacionais (sugerida pelo ciclo)";"100,00";"(sem centro)";"";"-10750,69";"sem centro de custo"
"03/11/2024";"Oferta missionária";"Oferta para Missões";"Receita";"Missões Nacionais (sugerida pelo ciclo)";"600,00";"(sem centro)";"";"-10150,69";"sem centro de custo"
"03/11/2024";"Oferta missionária";"Oferta para Missões";"Receita";"Missões Nacionais (sugerida pelo ciclo)";"500,00";"(sem centro)";"";"-9650,69";"sem centro de custo"
"04/11/2024";"Oferta missionária";"Oferta para Missões";"Receita";"Missões Nacionais (sugerida pelo ciclo)";"195,00";"(sem centro)";"";"-9455,69";"sem centro de custo"
"05/11/2024";"Oferta missionária";"Oferta para Missões";"Receita";"Missões Nacionais (sugerida pelo ciclo)";"21,00";"(sem centro)";"";"-9434,69";"sem centro de custo"
"07/11/2024";"Oferta missionária";"Oferta para Missões";"Receita";"Missões Nacionais (sugerida pelo ciclo)";"10,00";"(sem centro)";"";"-9424,69";"sem centro de custo"
"07/11/2024";"Oferta missionária";"Oferta para Missões";"Receita";"Missões Nacionais (sugerida pelo ciclo)";"50,00";"(sem centro)";"";"-9374,69";"sem centro de custo"
"08/11/2024";"Oferta missionária";"Oferta para Missões";"Receita";"Missões Nacionais (sugerida pelo ciclo)";"7,00";"(sem centro)";"";"-9367,69";"sem centro de custo"
"09/11/2024";"Oferta missionária";"Oferta para Missões";"Receita";"Missões Nacionais (sugerida pelo ciclo)";"100,00";"(sem centro)";"";"-9267,69";"sem centro de custo"
"09/11/2024";"Oferta missionária";"Oferta para Missões";"Receita";"Missões Nacionais (sugerida pelo ciclo)";"1530,00";"(sem centro)";"";"-7737,69";"sem centro de custo"
"10/11/2024";"Oferta missionária";"Oferta para Missões";"Receita";"Missões Nacionais (sugerida pelo ciclo)";"50,00";"(sem centro)";"";"-7687,69";"sem centro de custo"
"10/11/2024";"Oferta missionária";"Oferta para Missões";"Receita";"Missões Nacionais (sugerida pelo ciclo)";"1,00";"(sem centro)";"";"-7686,69";"sem centro de custo"
"11/11/2024";"Oferta missionária";"Oferta para Missões";"Receita";"Missões Nacionais (sugerida pelo ciclo)";"28,00";"(sem centro)";"";"-7658,69";"sem centro de custo"
"11/11/2024";"Oferta missionária";"Oferta para Missões";"Receita";"Missões Nacionais (sugerida pelo ciclo)";"99,08";"(sem centro)";"";"-7559,61";"sem centro de custo"
"11/11/2024";"Oferta missionária";"Oferta para Missões";"Receita";"Missões Nacionais (sugerida pelo ciclo)";"10,00";"(sem centro)";"";"-7549,61";"sem centro de custo"
"11/11/2024";"Oferta missionária";"Oferta para Missões";"Receita";"Missões Nacionais (sugerida pelo ciclo)";"72,00";"(sem centro)";"";"-7477,61";"sem centro de custo"
"11/11/2024";"Oferta missionária";"Oferta para Missões";"Receita";"Missões Nacionais (sugerida pelo ciclo)";"11,89";"(sem centro)";"";"-7465,72";"sem centro de custo"
"11/11/2024";"Oferta missionária";"Oferta para Missões";"Receita";"Missões Nacionais (sugerida pelo ciclo)";"20,00";"(sem centro)";"";"-7445,72";"sem centro de custo"
"11/11/2024";"Oferta missionária";"Oferta para Missões";"Receita";"Missões Nacionais (sugerida pelo ciclo)";"44,59";"(sem centro)";"";"-7401,13";"sem centro de custo"
"11/11/2024";"Oferta missionária";"Oferta para Missões";"Receita";"Missões Nacionais (sugerida pelo ciclo)";"20,00";"(sem centro)";"";"-7381,13";"sem centro de custo"
"11/11/2024";"Oferta missionária";"Oferta para Missões";"Receita";"Missões Nacionais (sugerida pelo ciclo)";"14,86";"(sem centro)";"";"-7366,27";"sem centro de custo"
"11/11/2024";"Oferta missionária";"Oferta para Missões";"Receita";"Missões Nacionais (sugerida pelo ciclo)";"28,73";"(sem centro)";"";"-7337,54";"sem centro de custo"
"11/11/2024";"Oferta missionária";"Oferta para Missões";"Receita";"Missões Nacionais (sugerida pelo ciclo)";"11,89";"(sem centro)";"";"-7325,65";"sem centro de custo"
"11/11/2024";"Oferta missionária";"Oferta para Missões";"Receita";"Missões Nacionais (sugerida pelo ciclo)";"20,00";"(sem centro)";"";"-7305,65";"sem centro de custo"
"11/11/2024";"Oferta missionária";"Oferta para Missões";"Receita";"Missões Nacionais (sugerida pelo ciclo)";"11,89";"(sem centro)";"";"-7293,76";"sem centro de custo"
"11/11/2024";"Oferta missionária";"Oferta para Missões";"Receita";"Missões Nacionais (sugerida pelo ciclo)";"70,35";"(sem centro)";"";"-7223,41";"sem centro de custo"
"11/11/2024";"Oferta missionária";"Oferta para Missões";"Receita";"Missões Nacionais (sugerida pelo ciclo)";"29,00";"(sem centro)";"";"-7194,41";"sem centro de custo"
"11/11/2024";"Oferta missionária";"Oferta para Missões";"Receita";"Missões Nacionais (sugerida pelo ciclo)";"99,08";"(sem centro)";"";"-7095,33";"sem centro de custo"
"11/11/2024";"Oferta missionária";"Oferta para Missões";"Receita";"Missões Nacionais (sugerida pelo ciclo)";"15,36";"(sem centro)";"";"-7079,97";"sem centro de custo"
"11/11/2024";"Oferta missionária";"Oferta para Missões";"Receita";"Missões Nacionais (sugerida pelo ciclo)";"20,00";"(sem centro)";"";"-7059,97";"sem centro de custo"
"11/11/2024";"Oferta missionária";"Oferta para Missões";"Receita";"Missões Nacionais (sugerida pelo ciclo)";"21,80";"(sem centro)";"";"-7038,17";"sem centro de custo"
"11/11/2024";"Oferta missionária";"Oferta para Missões";"Receita";"Missões Nacionais (sugerida pelo ciclo)";"6,00";"(sem centro)";"";"-7032,17";"sem centro de custo"
"11/11/2024";"Oferta missionária";"Oferta para Missões";"Receita";"Missões Nacionais (sugerida pelo ciclo)";"19,82";"(sem centro)";"";"-7012,35";"sem centro de custo"
"11/11/2024";"Oferta missionária";"Oferta para Missões";"Receita";"Missões Nacionais (sugerida pelo ciclo)";"17,83";"(sem centro)";"";"-6994,52";"sem centro de custo"
"11/11/2024";"Oferta missionária";"Oferta para Missões";"Receita";"Missões Nacionais (sugerida pelo ciclo)";"4,95";"(sem centro)";"";"-6989,57";"sem centro de custo"
"11/11/2024";"Oferta missionária";"Oferta para Missões";"Receita";"Missões Nacionais (sugerida pelo ciclo)";"14,86";"(sem centro)";"";"-6974,71";"sem centro de custo"
"11/11/2024";"Oferta missionária";"Oferta para Missões";"Receita";"Missões Nacionais (sugerida pelo ciclo)";"0,99";"(sem centro)";"";"-6973,72";"sem centro de custo"
"11/11/2024";"Oferta missionária";"Oferta para Missões";"Receita";"Missões Nacionais (sugerida pelo ciclo)";"79,26";"(sem centro)";"";"-6894,46";"sem centro de custo"
"11/11/2024";"Oferta missionária";"Oferta para Missões";"Receita";"Missões Nacionais (sugerida pelo ciclo)";"12,88";"(sem centro)";"";"-6881,58";"sem centro de custo"
"11/11/2024";"Oferta missionária";"Oferta para Missões";"Receita";"Missões Nacionais (sugerida pelo ciclo)";"9,91";"(sem centro)";"";"-6871,67";"sem centro de custo"
"11/11/2024";"Oferta missionária";"Oferta para Missões";"Receita";"Missões Nacionais (sugerida pelo ciclo)";"1,98";"(sem centro)";"";"-6869,69";"sem centro de custo"
"11/11/2024";"Oferta missionária";"Oferta para Missões";"Receita";"Missões Nacionais (sugerida pelo ciclo)";"552,94";"(sem centro)";"";"-6316,75";"sem centro de custo"
"11/11/2024";"Oferta missionária";"Oferta para Missões";"Receita";"Missões Nacionais (sugerida pelo ciclo)";"6,94";"(sem centro)";"";"-6309,81";"sem centro de custo"
"11/11/2024";"Oferta missionária";"Oferta para Missões";"Receita";"Missões Nacionais (sugerida pelo ciclo)";"9,91";"(sem centro)";"";"-6299,90";"sem centro de custo"
"11/11/2024";"Oferta missionária";"Oferta para Missões";"Receita";"Missões Nacionais (sugerida pelo ciclo)";"49,54";"(sem centro)";"";"-6250,36";"sem centro de custo"
"11/11/2024";"Oferta missionária";"Oferta para Missões";"Receita";"Missões Nacionais (sugerida pelo ciclo)";"1742,54";"(sem centro)";"";"-4507,82";"sem centro de custo"
"11/11/2024";"Oferta missionária";"Oferta para Missões";"Receita";"Missões Nacionais (sugerida pelo ciclo)";"64,40";"(sem centro)";"";"-4443,42";"sem centro de custo"
"11/11/2024";"Oferta missionária";"Oferta para Missões";"Receita";"Missões Nacionais (sugerida pelo ciclo)";"35,67";"(sem centro)";"";"-4407,75";"sem centro de custo"
"11/11/2024";"Oferta missionária";"Oferta para Missões";"Receita";"Missões Nacionais (sugerida pelo ciclo)";"1364,41";"(sem centro)";"";"-3043,34";"sem centro de custo"
"11/11/2024";"Oferta missionária";"Oferta para Missões";"Receita";"Missões Nacionais (sugerida pelo ciclo)";"49,54";"(sem centro)";"";"-2993,80";"sem centro de custo"
"11/11/2024";"Oferta missionária";"Oferta para Missões";"Receita";"Missões Nacionais (sugerida pelo ciclo)";"36,66";"(sem centro)";"";"-2957,14";"sem centro de custo"
"11/11/2024";"Oferta missionária";"Oferta para Missões";"Receita";"Missões Nacionais (sugerida pelo ciclo)";"20,00";"(sem centro)";"";"-2937,14";"sem centro de custo"
"11/11/2024";"Oferta missionária";"Oferta para Missões";"Receita";"Missões Nacionais (sugerida pelo ciclo)";"15,85";"(sem centro)";"";"-2921,29";"sem centro de custo"
"11/11/2024";"Oferta missionária";"Oferta para Missões";"Receita";"Missões Nacionais (sugerida pelo ciclo)";"2,97";"(sem centro)";"";"-2918,32";"sem centro de custo"
"11/11/2024";"Oferta missionária";"Oferta para Missões";"Receita";"Missões Nacionais (sugerida pelo ciclo)";"29,72";"(sem centro)";"";"-2888,60";"sem centro de custo"
"11/11/2024";"Oferta missionária";"Oferta para Missões";"Receita";"Missões Nacionais (sugerida pelo ciclo)";"19,82";"(sem centro)";"";"-2868,78";"sem centro de custo"
"11/11/2024";"Oferta missionária";"Oferta para Missões";"Receita";"Missões Nacionais (sugerida pelo ciclo)";"39,63";"(sem centro)";"";"-2829,15";"sem centro de custo"
"12/11/2024";"Oferta missionária";"Oferta para Missões";"Receita";"Missões Nacionais (sugerida pelo ciclo)";"1227,17";"(sem centro)";"";"-1601,98";"sem centro de custo"
"12/11/2024";"Oferta missionária";"Oferta para Missões";"Receita";"Missões Nacionais (sugerida pelo ciclo)";"195,60";"(sem centro)";"";"-1406,38";"sem centro de custo"
"12/11/2024";"Oferta missionária";"Oferta para Missões";"Receita";"Missões Nacionais (sugerida pelo ciclo)";"659,95";"(sem centro)";"";"-746,43";"sem centro de custo"
"17/11/2024";"Oferta missionária";"Oferta para Missões";"Receita";"Missões Nacionais (sugerida pelo ciclo)";"160,00";"(sem centro)";"";"-586,43";"sem centro de custo"
"17/11/2024";"Oferta missionária";"Oferta para Missões";"Receita";"Missões Nacionais (sugerida pelo ciclo)";"19,00";"(sem centro)";"";"-567,43";"sem centro de custo"
"17/11/2024";"Oferta missionária";"Oferta para Missões";"Receita";"Missões Nacionais (sugerida pelo ciclo)";"100,00";"(sem centro)";"";"-467,43";"sem centro de custo"
"17/11/2024";"Oferta missionária";"Oferta para Missões";"Receita";"Missões Nacionais (sugerida pelo ciclo)";"225,00";"(sem centro)";"";"-242,43";"sem centro de custo"
"21/11/2024";"Oferta missionária";"Oferta para Missões";"Receita";"Missões Nacionais (sugerida pelo ciclo)";"200,10";"(sem centro)";"";"-42,33";"sem centro de custo"
"21/11/2024";"Oferta missionária";"Oferta para Missões";"Receita";"Missões Nacionais (sugerida pelo ciclo)";"50,10";"(sem centro)";"";"7,77";"sem centro de custo"
"21/11/2024";"Oferta missionária";"Oferta para Missões";"Receita";"Missões Nacionais (sugerida pelo ciclo)";"700,10";"(sem centro)";"";"707,87";"sem centro de custo"
"21/11/2024";"Oferta missionária";"Oferta para Missões";"Receita";"Missões Nacionais (sugerida pelo ciclo)";"200,10";"(sem centro)";"";"907,97";"sem centro de custo"
"21/11/2024";"Oferta missionária";"Oferta para Missões";"Receita";"Missões Nacionais (sugerida pelo ciclo)";"200,10";"(sem centro)";"";"1108,07";"sem centro de custo"
"24/11/2024";"Oferta missionária";"Oferta para Missões";"Receita";"Missões Nacionais (sugerida pelo ciclo)";"76,55";"(sem centro)";"";"1184,62";"sem centro de custo"
"24/11/2024";"Oferta missionária";"Oferta para Missões";"Receita";"Missões Nacionais (sugerida pelo ciclo)";"40,00";"(sem centro)";"";"1224,62";"sem centro de custo"
"25/11/2024";"Oferta missionária";"Oferta para Missões";"Receita";"Missões Nacionais (sugerida pelo ciclo)";"1500,10";"(sem centro)";"";"2724,72";"sem centro de custo"
"25/11/2024";"Oferta missionária";"Oferta para Missões";"Receita";"Missões Nacionais (sugerida pelo ciclo)";"306,10";"(sem centro)";"";"3030,82";"sem centro de custo"
"25/11/2024";"Oferta missionária";"Oferta para Missões";"Receita";"Missões Nacionais (sugerida pelo ciclo)";"2500,10";"(sem centro)";"";"5530,92";"sem centro de custo"
"25/11/2024";"Oferta missionária";"Oferta para Missões";"Receita";"Missões Nacionais (sugerida pelo ciclo)";"8,00";"(sem centro)";"";"5538,92";"sem centro de custo"
"02/12/2024";"Oferta missionária";"Oferta para Missões";"Receita";"Missões Nacionais (sugerida pelo ciclo)";"200,10";"(sem centro)";"";"5739,02";"sem centro de custo"
"02/12/2024";"Oferta missionária";"Oferta para Missões";"Receita";"Missões Nacionais (sugerida pelo ciclo)";"50,10";"(sem centro)";"";"5789,12";"sem centro de custo"
"05/12/2024";"Oferta missionária";"Oferta para Missões";"Receita";"Missões Nacionais (sugerida pelo ciclo)";"830,10";"(sem centro)";"";"6619,22";"sem centro de custo"
"05/12/2024";"Oferta missionária";"Oferta para Missões";"Receita";"Missões Nacionais (sugerida pelo ciclo)";"300,10";"(sem centro)";"";"6919,32";"sem centro de custo"
"05/12/2024";"Oferta missionária";"Oferta para Missões";"Receita";"Missões Nacionais (sugerida pelo ciclo)";"1100,10";"(sem centro)";"";"8019,42";"sem centro de custo"
"06/12/2024";"Oferta missionária";"Oferta para Missões";"Receita";"Missões Nacionais (sugerida pelo ciclo)";"1093,00";"(sem centro)";"";"9112,42";"sem centro de custo"
"06/12/2024";"Oferta missionária";"Oferta para Missões";"Receita";"Missões Nacionais (sugerida pelo ciclo)";"200,01";"(sem centro)";"";"9312,43";"sem centro de custo"
"08/12/2024";"Oferta missionária";"Oferta para Missões";"Receita";"Missões Nacionais (sugerida pelo ciclo)";"15,00";"(sem centro)";"";"9327,43";"sem centro de custo"
"08/12/2024";"Oferta missionária";"Oferta para Missões";"Receita";"Missões Nacionais (sugerida pelo ciclo)";"150,00";"(sem centro)";"";"9477,43";"sem centro de custo"
"08/12/2024";"Oferta missionária";"Oferta para Missões";"Receita";"Missões Nacionais (sugerida pelo ciclo)";"900,00";"(sem centro)";"";"10377,43";"sem centro de custo"
"08/12/2024";"Oferta missionária";"Oferta para Missões";"Receita";"Missões Nacionais (sugerida pelo ciclo)";"50,00";"(sem centro)";"";"10427,43";"sem centro de custo"
"08/12/2024";"Oferta missionária";"Oferta para Missões";"Receita";"Missões Nacionais (sugerida pelo ciclo)";"350,00";"(sem centro)";"";"10777,43";"sem centro de custo"
"08/12/2024";"Oferta missionária";"Oferta para Missões";"Receita";"Missões Nacionais (sugerida pelo ciclo)";"50,00";"(sem centro)";"";"10827,43";"sem centro de custo"
"08/12/2024";"Oferta missionária";"Oferta para Missões";"Receita";"Missões Nacionais (sugerida pelo ciclo)";"50,00";"(sem centro)";"";"10877,43";"sem centro de custo"
"09/12/2024";"Oferta missionária";"Oferta para Missões";"Receita";"Missões Nacionais (sugerida pelo ciclo)";"900,10";"(sem centro)";"";"11777,53";"sem centro de custo"
"09/12/2024";"Oferta missionária";"Oferta para Missões";"Receita";"Missões Nacionais (sugerida pelo ciclo)";"50,00";"(sem centro)";"";"11827,53";"sem centro de custo"
"09/12/2024";"Oferta missionária";"Oferta para Missões";"Receita";"Missões Nacionais (sugerida pelo ciclo)";"250,10";"(sem centro)";"";"12077,63";"sem centro de custo"
"10/12/2024";"Oferta missionária";"Oferta para Missões";"Receita";"Missões Nacionais (sugerida pelo ciclo)";"2033,10";"(sem centro)";"";"14110,73";"sem centro de custo"
"10/12/2024";"Oferta missionária";"Oferta para Missões";"Receita";"Missões Nacionais (sugerida pelo ciclo)";"3351,10";"(sem centro)";"";"17461,83";"sem centro de custo"
"19/12/2024";"Remessa — Junta de Missões Nacionais";"Envio Missionário";"Despesa";"Missões Nacionais";"4050,00";"Min. Evangelismo e Missões";"Envios Missionários";"13411,83";"Junta Nacional."
"22/12/2024";"Oferta missionária";"Oferta para Missões";"Receita";"Missões Nacionais (sugerida pelo ciclo)";"4,00";"(sem centro)";"";"13415,83";"sem centro de custo"
"27/12/2024";"Oferta missionária";"Oferta para Missões";"Receita";"Missões Nacionais (sugerida pelo ciclo)";"20,10";"(sem centro)";"";"13435,93";"sem centro de custo"
"29/12/2024";"Oferta missionária";"Oferta para Missões";"Receita";"Missões Nacionais (sugerida pelo ciclo)";"12,00";"(sem centro)";"";"13447,93";"sem centro de custo"
"30/12/2024";"Oferta missionária";"Oferta para Missões";"Receita";"Missões Nacionais (sugerida pelo ciclo)";"3,00";"(sem centro)";"";"13450,93";"sem centro de custo"
"30/12/2024";"Oferta missionária";"Oferta para Missões";"Receita";"Missões Nacionais (sugerida pelo ciclo)";"11,00";"(sem centro)";"";"13461,93";"sem centro de custo"
"30/12/2024";"Oferta missionária";"Oferta para Missões";"Receita";"Missões Nacionais (sugerida pelo ciclo)";"15,00";"(sem centro)";"";"13476,93";"sem centro de custo"
"30/12/2024";"Oferta missionária";"Oferta para Missões";"Receita";"Missões Nacionais (sugerida pelo ciclo)";"4,00";"(sem centro)";"";"13480,93";"sem centro de custo"
"30/12/2024";"Remessa — Junta de Missões Nacionais";"Envio Missionário";"Despesa";"Missões Nacionais";"20000,00";"Min. Evangelismo e Missões";"Envios Missionários";"-6519,07";"Junta Nacional. Remessa principal de Nacionais 2024 (fecha o ciclo)."
"03/01/2025";"Oferta missionária";"Oferta para Missões";"Receita";"Missões Mundiais (sugerida pelo ciclo)";"100,10";"(sem centro)";"";"-6418,97";"sem centro de custo"
"13/01/2025";"Oferta missionária";"Oferta para Missões";"Receita";"Missões Mundiais (sugerida pelo ciclo)";"100,10";"(sem centro)";"";"-6318,87";"sem centro de custo"
"22/01/2025";"Oferta missionária";"Oferta para Missões";"Receita";"Missões Mundiais (sugerida pelo ciclo)";"100,10";"(sem centro)";"";"-6218,77";"sem centro de custo"
"09/02/2025";"Oferta missionária";"Oferta para Missões";"Receita";"Missões Mundiais (sugerida pelo ciclo)";"1,00";"(sem centro)";"";"-6217,77";"sem centro de custo"
"09/02/2025";"Oferta missionária";"Oferta para Missões";"Receita";"Missões Mundiais (sugerida pelo ciclo)";"196,29";"(sem centro)";"";"-6021,48";"sem centro de custo"
"27/02/2025";"Remessa — Junta de Missões Nacionais";"Envio Missionário";"Despesa";"Missões Nacionais";"5000,00";"Min. Evangelismo e Missões";"Envios Missionários";"-11021,48";"Junta Nacional. Boleto de oferta voluntária à JMN; campanha Nacionais (decisão dela). Descrição gravada dizia 'Mundiais'. Sem ofertas de Nacionais em 2025 que a sustentem: usa o excedente de 2024."
"09/03/2025";"Oferta missionária";"Oferta para Missões";"Receita";"Missões Mundiais (sugerida pelo ciclo)";"20,00";"(sem centro)";"";"-11001,48";"sem centro de custo"
"16/03/2025";"Oferta missionária";"Oferta para Missões";"Receita";"Missões Mundiais (sugerida pelo ciclo)";"100,00";"(sem centro)";"";"-10901,48";"sem centro de custo"
"16/03/2025";"Oferta missionária";"Oferta para Missões";"Receita";"Missões Mundiais (sugerida pelo ciclo)";"250,00";"(sem centro)";"";"-10651,48";"sem centro de custo"
"23/03/2025";"Oferta missionária";"Oferta para Missões";"Receita";"Missões Mundiais (sugerida pelo ciclo)";"50,00";"(sem centro)";"";"-10601,48";"sem centro de custo"
"06/04/2025";"Oferta missionária";"Oferta para Missões";"Receita";"Missões Mundiais (sugerida pelo ciclo)";"8,05";"(sem centro)";"";"-10593,43";"sem centro de custo"
"13/04/2025";"Oferta missionária";"Oferta para Missões";"Receita";"Missões Mundiais (sugerida pelo ciclo)";"2,00";"(sem centro)";"";"-10591,43";"sem centro de custo"
"13/04/2025";"Oferta missionária";"Oferta para Missões";"Receita";"Missões Mundiais (sugerida pelo ciclo)";"10,00";"(sem centro)";"";"-10581,43";"sem centro de custo"
"13/04/2025";"Oferta missionária";"Oferta para Missões";"Receita";"Missões Mundiais (sugerida pelo ciclo)";"200,00";"(sem centro)";"";"-10381,43";"sem centro de custo"
"13/04/2025";"Oferta missionária";"Oferta para Missões";"Receita";"Missões Mundiais (sugerida pelo ciclo)";"50,00";"(sem centro)";"";"-10331,43";"sem centro de custo"
"14/04/2025";"Oferta missionária";"Oferta para Missões";"Receita";"Missões Mundiais (sugerida pelo ciclo)";"628,00";"(sem centro)";"";"-9703,43";"sem centro de custo"
"20/04/2025";"Oferta missionária";"Oferta para Missões";"Receita";"Missões Mundiais (sugerida pelo ciclo)";"50,00";"(sem centro)";"";"-9653,43";"sem centro de custo"
"20/04/2025";"Oferta missionária";"Oferta para Missões";"Receita";"Missões Mundiais (sugerida pelo ciclo)";"10,00";"(sem centro)";"";"-9643,43";"sem centro de custo"
"27/04/2025";"Oferta missionária";"Oferta para Missões";"Receita";"Missões Mundiais (sugerida pelo ciclo)";"140,00";"(sem centro)";"";"-9503,43";"sem centro de custo"
"27/04/2025";"Oferta missionária";"Oferta para Missões";"Receita";"Missões Mundiais (sugerida pelo ciclo)";"210,00";"(sem centro)";"";"-9293,43";"sem centro de custo"
"28/04/2025";"Oferta missionária";"Oferta para Missões";"Receita";"Missões Mundiais (sugerida pelo ciclo)";"302,00";"(sem centro)";"";"-8991,43";"sem centro de custo"
"04/05/2025";"Oferta missionária";"Oferta para Missões";"Receita";"Missões Mundiais (sugerida pelo ciclo)";"30,00";"(sem centro)";"";"-8961,43";"sem centro de custo"
"04/05/2025";"Oferta missionária";"Oferta para Missões";"Receita";"Missões Mundiais (sugerida pelo ciclo)";"100,00";"(sem centro)";"";"-8861,43";"sem centro de custo"
"04/05/2025";"Oferta missionária";"Oferta para Missões";"Receita";"Missões Mundiais (sugerida pelo ciclo)";"50,00";"(sem centro)";"";"-8811,43";"sem centro de custo"
"11/05/2025";"Oferta missionária";"Oferta para Missões";"Receita";"Missões Mundiais (sugerida pelo ciclo)";"5,00";"(sem centro)";"";"-8806,43";"sem centro de custo"
"11/05/2025";"Oferta missionária";"Oferta para Missões";"Receita";"Missões Mundiais (sugerida pelo ciclo)";"5,00";"(sem centro)";"";"-8801,43";"sem centro de custo"
"16/05/2025";"Oferta missionária";"Oferta para Missões";"Receita";"Missões Mundiais (sugerida pelo ciclo)";"500,10";"(sem centro)";"";"-8301,33";"sem centro de custo"
"18/05/2025";"Oferta missionária";"Oferta para Missões";"Receita";"Missões Mundiais (sugerida pelo ciclo)";"50,00";"(sem centro)";"";"-8251,33";"sem centro de custo"
"18/05/2025";"Oferta missionária";"Oferta para Missões";"Receita";"Missões Mundiais (sugerida pelo ciclo)";"1285,00";"(sem centro)";"";"-6966,33";"sem centro de custo"
"18/05/2025";"Oferta missionária";"Oferta para Missões";"Receita";"Missões Mundiais (sugerida pelo ciclo)";"50,00";"(sem centro)";"";"-6916,33";"sem centro de custo"
"18/05/2025";"Oferta missionária";"Oferta para Missões";"Receita";"Missões Mundiais (sugerida pelo ciclo)";"1,25";"(sem centro)";"";"-6915,08";"sem centro de custo"
"19/05/2025";"Oferta missionária";"Oferta para Missões";"Receita";"Missões Mundiais (sugerida pelo ciclo)";"73,83";"(sem centro)";"";"-6841,25";"sem centro de custo"
"19/05/2025";"Oferta missionária";"Oferta para Missões";"Receita";"Missões Mundiais (sugerida pelo ciclo)";"172,28";"(sem centro)";"";"-6668,97";"sem centro de custo"
"19/05/2025";"Oferta missionária";"Oferta para Missões";"Receita";"Missões Mundiais (sugerida pelo ciclo)";"121,69";"(sem centro)";"";"-6547,28";"sem centro de custo"
"20/05/2025";"Oferta missionária";"Oferta para Missões";"Receita";"Missões Mundiais (sugerida pelo ciclo)";"56,50";"(sem centro)";"";"-6490,78";"sem centro de custo"
"20/05/2025";"Oferta missionária";"Oferta para Missões";"Receita";"Missões Mundiais (sugerida pelo ciclo)";"296,61";"(sem centro)";"";"-6194,17";"sem centro de custo"
"25/05/2025";"Oferta missionária";"Oferta para Missões";"Receita";"Missões Mundiais (sugerida pelo ciclo)";"50,00";"(sem centro)";"";"-6144,17";"sem centro de custo"
"27/05/2025";"Oferta missionária";"Oferta para Missões";"Receita";"Missões Mundiais (sugerida pelo ciclo)";"117,70";"(sem centro)";"";"-6026,47";"sem centro de custo"
"27/05/2025";"Oferta missionária";"Oferta para Missões";"Receita";"Missões Mundiais (sugerida pelo ciclo)";"165,72";"(sem centro)";"";"-5860,75";"sem centro de custo"
"27/05/2025";"Remessa — Junta de Missões Nacionais";"Envio Missionário";"Despesa";"Missões Nacionais";"4493,56";"Min. Evangelismo e Missões";"Envios Missionários";"-10354,31";"Junta Nacional. 'REPASSE CAMPANHA JMN'. Descrição gravada dizia 'Mundiais'. Mesma situação do envio de 27/02/2025."
"01/06/2025";"Oferta missionária";"Oferta para Missões";"Receita";"Missões Mundiais (sugerida pelo ciclo)";"50,00";"(sem centro)";"";"-10304,31";"sem centro de custo"
"01/06/2025";"Oferta missionária";"Oferta para Missões";"Receita";"Missões Mundiais (sugerida pelo ciclo)";"40,00";"(sem centro)";"";"-10264,31";"sem centro de custo"
"01/06/2025";"Oferta missionária";"Oferta para Missões";"Receita";"Missões Mundiais (sugerida pelo ciclo)";"10,00";"(sem centro)";"";"-10254,31";"sem centro de custo"
"07/06/2025";"Oferta missionária";"Oferta para Missões";"Receita";"Missões Mundiais (sugerida pelo ciclo)";"768,00";"(sem centro)";"";"-9486,31";"sem centro de custo"
"08/06/2025";"Oferta missionária";"Oferta para Missões";"Receita";"Missões Mundiais (sugerida pelo ciclo)";"10,00";"(sem centro)";"";"-9476,31";"sem centro de custo"
"08/06/2025";"Oferta missionária";"Oferta para Missões";"Receita";"Missões Mundiais (sugerida pelo ciclo)";"18,00";"(sem centro)";"";"-9458,31";"sem centro de custo"
"09/06/2025";"Oferta missionária";"Oferta para Missões";"Receita";"Missões Mundiais (sugerida pelo ciclo)";"200,10";"(sem centro)";"";"-9258,21";"sem centro de custo"
"09/06/2025";"Oferta missionária";"Oferta para Missões";"Receita";"Missões Mundiais (sugerida pelo ciclo)";"29,72";"(sem centro)";"";"-9228,49";"sem centro de custo"
"09/06/2025";"Oferta missionária";"Oferta para Missões";"Receita";"Missões Mundiais (sugerida pelo ciclo)";"7,93";"(sem centro)";"";"-9220,56";"sem centro de custo"
"09/06/2025";"Oferta missionária";"Oferta para Missões";"Receita";"Missões Mundiais (sugerida pelo ciclo)";"24,78";"(sem centro)";"";"-9195,78";"sem centro de custo"
"09/06/2025";"Oferta missionária";"Oferta para Missões";"Receita";"Missões Mundiais (sugerida pelo ciclo)";"9,91";"(sem centro)";"";"-9185,87";"sem centro de custo"
"09/06/2025";"Oferta missionária";"Oferta para Missões";"Receita";"Missões Mundiais (sugerida pelo ciclo)";"39,63";"(sem centro)";"";"-9146,24";"sem centro de custo"
"09/06/2025";"Oferta missionária";"Oferta para Missões";"Receita";"Missões Mundiais (sugerida pelo ciclo)";"15,85";"(sem centro)";"";"-9130,39";"sem centro de custo"
"09/06/2025";"Oferta missionária";"Oferta para Missões";"Receita";"Missões Mundiais (sugerida pelo ciclo)";"9,91";"(sem centro)";"";"-9120,48";"sem centro de custo"
"09/06/2025";"Oferta missionária";"Oferta para Missões";"Receita";"Missões Mundiais (sugerida pelo ciclo)";"16,84";"(sem centro)";"";"-9103,64";"sem centro de custo"
"09/06/2025";"Oferta missionária";"Oferta para Missões";"Receita";"Missões Mundiais (sugerida pelo ciclo)";"39,63";"(sem centro)";"";"-9064,01";"sem centro de custo"
"09/06/2025";"Oferta missionária";"Oferta para Missões";"Receita";"Missões Mundiais (sugerida pelo ciclo)";"33,69";"(sem centro)";"";"-9030,32";"sem centro de custo"
"09/06/2025";"Oferta missionária";"Oferta para Missões";"Receita";"Missões Mundiais (sugerida pelo ciclo)";"198,16";"(sem centro)";"";"-8832,16";"sem centro de custo"
"09/06/2025";"Oferta missionária";"Oferta para Missões";"Receita";"Missões Mundiais (sugerida pelo ciclo)";"14,87";"(sem centro)";"";"-8817,29";"sem centro de custo"
"09/06/2025";"Oferta missionária";"Oferta para Missões";"Receita";"Missões Mundiais (sugerida pelo ciclo)";"61,43";"(sem centro)";"";"-8755,86";"sem centro de custo"
"09/06/2025";"Oferta missionária";"Oferta para Missões";"Receita";"Missões Mundiais (sugerida pelo ciclo)";"9,91";"(sem centro)";"";"-8745,95";"sem centro de custo"
"09/06/2025";"Oferta missionária";"Oferta para Missões";"Receita";"Missões Mundiais (sugerida pelo ciclo)";"99,08";"(sem centro)";"";"-8646,87";"sem centro de custo"
"09/06/2025";"Oferta missionária";"Oferta para Missões";"Receita";"Missões Mundiais (sugerida pelo ciclo)";"13,87";"(sem centro)";"";"-8633,00";"sem centro de custo"
"09/06/2025";"Oferta missionária";"Oferta para Missões";"Receita";"Missões Mundiais (sugerida pelo ciclo)";"1507,21";"(sem centro)";"";"-7125,79";"sem centro de custo"
"09/06/2025";"Oferta missionária";"Oferta para Missões";"Receita";"Missões Mundiais (sugerida pelo ciclo)";"22,79";"(sem centro)";"";"-7103,00";"sem centro de custo"
"09/06/2025";"Oferta missionária";"Oferta para Missões";"Receita";"Missões Mundiais (sugerida pelo ciclo)";"14,86";"(sem centro)";"";"-7088,14";"sem centro de custo"
"09/06/2025";"Oferta missionária";"Oferta para Missões";"Receita";"Missões Mundiais (sugerida pelo ciclo)";"22,79";"(sem centro)";"";"-7065,35";"sem centro de custo"
"09/06/2025";"Oferta missionária";"Oferta para Missões";"Receita";"Missões Mundiais (sugerida pelo ciclo)";"355,31";"(sem centro)";"";"-6710,04";"sem centro de custo"
"09/06/2025";"Oferta missionária";"Oferta para Missões";"Receita";"Missões Mundiais (sugerida pelo ciclo)";"9,91";"(sem centro)";"";"-6700,13";"sem centro de custo"
"09/06/2025";"Oferta missionária";"Oferta para Missões";"Receita";"Missões Mundiais (sugerida pelo ciclo)";"9,91";"(sem centro)";"";"-6690,22";"sem centro de custo"
"09/06/2025";"Oferta missionária";"Oferta para Missões";"Receita";"Missões Mundiais (sugerida pelo ciclo)";"99,08";"(sem centro)";"";"-6591,14";"sem centro de custo"
"09/06/2025";"Oferta missionária";"Oferta para Missões";"Receita";"Missões Mundiais (sugerida pelo ciclo)";"32,70";"(sem centro)";"";"-6558,44";"sem centro de custo"
"09/06/2025";"Oferta missionária";"Oferta para Missões";"Receita";"Missões Mundiais (sugerida pelo ciclo)";"27,74";"(sem centro)";"";"-6530,70";"sem centro de custo"
"09/06/2025";"Oferta missionária";"Oferta para Missões";"Receita";"Missões Mundiais (sugerida pelo ciclo)";"34,68";"(sem centro)";"";"-6496,02";"sem centro de custo"
"09/06/2025";"Oferta missionária";"Oferta para Missões";"Receita";"Missões Mundiais (sugerida pelo ciclo)";"23,78";"(sem centro)";"";"-6472,24";"sem centro de custo"
"09/06/2025";"Oferta missionária";"Oferta para Missões";"Receita";"Missões Mundiais (sugerida pelo ciclo)";"9,91";"(sem centro)";"";"-6462,33";"sem centro de custo"
"09/06/2025";"Oferta missionária";"Oferta para Missões";"Receita";"Missões Mundiais (sugerida pelo ciclo)";"8,92";"(sem centro)";"";"-6453,41";"sem centro de custo"
"09/06/2025";"Oferta missionária";"Oferta para Missões";"Receita";"Missões Mundiais (sugerida pelo ciclo)";"99,08";"(sem centro)";"";"-6354,33";"sem centro de custo"
"09/06/2025";"Oferta missionária";"Oferta para Missões";"Receita";"Missões Mundiais (sugerida pelo ciclo)";"19,82";"(sem centro)";"";"-6334,51";"sem centro de custo"
"09/06/2025";"Oferta missionária";"Oferta para Missões";"Receita";"Missões Mundiais (sugerida pelo ciclo)";"1869,49";"(sem centro)";"";"-4465,02";"sem centro de custo"
"09/06/2025";"Oferta missionária";"Oferta para Missões";"Receita";"Missões Mundiais (sugerida pelo ciclo)";"21,80";"(sem centro)";"";"-4443,22";"sem centro de custo"
"09/06/2025";"Oferta missionária";"Oferta para Missões";"Receita";"Missões Mundiais (sugerida pelo ciclo)";"49,54";"(sem centro)";"";"-4393,68";"sem centro de custo"
"09/06/2025";"Oferta missionária";"Oferta para Missões";"Receita";"Missões Mundiais (sugerida pelo ciclo)";"19,82";"(sem centro)";"";"-4373,86";"sem centro de custo"
"09/06/2025";"Oferta missionária";"Oferta para Missões";"Receita";"Missões Mundiais (sugerida pelo ciclo)";"55,48";"(sem centro)";"";"-4318,38";"sem centro de custo"
"09/06/2025";"Oferta missionária";"Oferta para Missões";"Receita";"Missões Mundiais (sugerida pelo ciclo)";"7,93";"(sem centro)";"";"-4310,45";"sem centro de custo"
"09/06/2025";"Oferta missionária";"Oferta para Missões";"Receita";"Missões Mundiais (sugerida pelo ciclo)";"45,58";"(sem centro)";"";"-4264,87";"sem centro de custo"
"09/06/2025";"Oferta missionária";"Oferta para Missões";"Receita";"Missões Mundiais (sugerida pelo ciclo)";"19,82";"(sem centro)";"";"-4245,05";"sem centro de custo"
"09/06/2025";"Oferta missionária";"Oferta para Missões";"Receita";"Missões Mundiais (sugerida pelo ciclo)";"9,91";"(sem centro)";"";"-4235,14";"sem centro de custo"
"09/06/2025";"Oferta missionária";"Oferta para Missões";"Receita";"Missões Mundiais (sugerida pelo ciclo)";"32,70";"(sem centro)";"";"-4202,44";"sem centro de custo"
"09/06/2025";"Oferta missionária";"Oferta para Missões";"Receita";"Missões Mundiais (sugerida pelo ciclo)";"42,60";"(sem centro)";"";"-4159,84";"sem centro de custo"
"09/06/2025";"Oferta missionária";"Oferta para Missões";"Receita";"Missões Mundiais (sugerida pelo ciclo)";"24,77";"(sem centro)";"";"-4135,07";"sem centro de custo"
"09/06/2025";"Oferta missionária";"Oferta para Missões";"Receita";"Missões Mundiais (sugerida pelo ciclo)";"19,82";"(sem centro)";"";"-4115,25";"sem centro de custo"
"09/06/2025";"Oferta missionária";"Oferta para Missões";"Receita";"Missões Mundiais (sugerida pelo ciclo)";"14,86";"(sem centro)";"";"-4100,39";"sem centro de custo"
"09/06/2025";"Oferta missionária";"Oferta para Missões";"Receita";"Missões Mundiais (sugerida pelo ciclo)";"21,80";"(sem centro)";"";"-4078,59";"sem centro de custo"
"10/06/2025";"Oferta missionária";"Oferta para Missões";"Receita";"Missões Mundiais (sugerida pelo ciclo)";"1664,73";"(sem centro)";"";"-2413,86";"sem centro de custo"
"10/06/2025";"Oferta missionária";"Oferta para Missões";"Receita";"Missões Mundiais (sugerida pelo ciclo)";"1408,62";"(sem centro)";"";"-1005,24";"sem centro de custo"
"11/06/2025";"Oferta missionária";"Oferta para Missões";"Receita";"Missões Mundiais (sugerida pelo ciclo)";"10,10";"(sem centro)";"";"-995,14";"sem centro de custo"
"11/06/2025";"Oferta missionária";"Oferta para Missões";"Receita";"Missões Mundiais (sugerida pelo ciclo)";"10,10";"(sem centro)";"";"-985,04";"sem centro de custo"
"11/06/2025";"Oferta missionária";"Oferta para Missões";"Receita";"Missões Mundiais (sugerida pelo ciclo)";"10,10";"(sem centro)";"";"-974,94";"sem centro de custo"
"11/06/2025";"Oferta missionária";"Oferta para Missões";"Receita";"Missões Mundiais (sugerida pelo ciclo)";"20,00";"(sem centro)";"";"-954,94";"sem centro de custo"
"11/06/2025";"Oferta missionária";"Oferta para Missões";"Receita";"Missões Mundiais (sugerida pelo ciclo)";"20,10";"(sem centro)";"";"-934,84";"sem centro de custo"
"11/06/2025";"Oferta missionária";"Oferta para Missões";"Receita";"Missões Mundiais (sugerida pelo ciclo)";"10,00";"(sem centro)";"";"-924,84";"sem centro de custo"
"16/06/2025";"Oferta missionária";"Oferta para Missões";"Receita";"Missões Mundiais (sugerida pelo ciclo)";"800,10";"(sem centro)";"";"-124,74";"sem centro de custo"
"22/06/2025";"Oferta missionária";"Oferta para Missões";"Receita";"Missões Mundiais (sugerida pelo ciclo)";"5,00";"(sem centro)";"";"-119,74";"sem centro de custo"
"22/06/2025";"Oferta missionária";"Oferta para Missões";"Receita";"Missões Mundiais (sugerida pelo ciclo)";"50,00";"(sem centro)";"";"-69,74";"sem centro de custo"
"22/06/2025";"Oferta missionária";"Oferta para Missões";"Receita";"Missões Mundiais (sugerida pelo ciclo)";"10,00";"(sem centro)";"";"-59,74";"sem centro de custo"
"23/06/2025";"Oferta missionária";"Oferta para Missões";"Receita";"Missões Mundiais (sugerida pelo ciclo)";"300,10";"(sem centro)";"";"240,36";"sem centro de custo"
"23/06/2025";"Oferta missionária";"Oferta para Missões";"Receita";"Missões Mundiais (sugerida pelo ciclo)";"245,00";"(sem centro)";"";"485,36";"sem centro de custo"
"23/06/2025";"Oferta missionária";"Oferta para Missões";"Receita";"Missões Mundiais (sugerida pelo ciclo)";"1000,10";"(sem centro)";"";"1485,46";"sem centro de custo"
"23/06/2025";"Oferta missionária";"Oferta para Missões";"Receita";"Missões Mundiais (sugerida pelo ciclo)";"2500,10";"(sem centro)";"";"3985,56";"sem centro de custo"
"23/06/2025";"Oferta missionária";"Oferta para Missões";"Receita";"Missões Mundiais (sugerida pelo ciclo)";"200,00";"(sem centro)";"";"4185,56";"sem centro de custo"
"23/06/2025";"Oferta missionária";"Oferta para Missões";"Receita";"Missões Mundiais (sugerida pelo ciclo)";"66,10";"(sem centro)";"";"4251,66";"sem centro de custo"
"27/06/2025";"Oferta missionária";"Oferta para Missões";"Receita";"Missões Mundiais (sugerida pelo ciclo)";"250,00";"(sem centro)";"";"4501,66";"sem centro de custo"
"27/06/2025";"Oferta missionária";"Oferta para Missões";"Receita";"Missões Mundiais (sugerida pelo ciclo)";"500,10";"(sem centro)";"";"5001,76";"sem centro de custo"
"27/06/2025";"Oferta missionária";"Oferta para Missões";"Receita";"Missões Mundiais (sugerida pelo ciclo)";"300,10";"(sem centro)";"";"5301,86";"sem centro de custo"
"27/06/2025";"Oferta missionária";"Oferta para Missões";"Receita";"Missões Mundiais (sugerida pelo ciclo)";"800,10";"(sem centro)";"";"6101,96";"sem centro de custo"
"29/06/2025";"Oferta missionária";"Oferta para Missões";"Receita";"Missões Mundiais (sugerida pelo ciclo)";"150,00";"(sem centro)";"";"6251,96";"sem centro de custo"
"29/06/2025";"Oferta missionária";"Oferta para Missões";"Receita";"Missões Mundiais (sugerida pelo ciclo)";"50,00";"(sem centro)";"";"6301,96";"sem centro de custo"
"30/06/2025";"Oferta missionária";"Oferta para Missões";"Receita";"Missões Mundiais (sugerida pelo ciclo)";"500,10";"(sem centro)";"";"6802,06";"sem centro de custo"
"30/06/2025";"Oferta missionária";"Oferta para Missões";"Receita";"Missões Mundiais (sugerida pelo ciclo)";"4673,00";"(sem centro)";"";"11475,06";"sem centro de custo"
"30/06/2025";"Oferta missionária";"Oferta para Missões";"Receita";"Missões Mundiais (sugerida pelo ciclo)";"10,10";"(sem centro)";"";"11485,16";"sem centro de custo"
"30/06/2025";"Oferta missionária";"Oferta para Missões";"Receita";"Missões Mundiais (sugerida pelo ciclo)";"50,10";"(sem centro)";"";"11535,26";"sem centro de custo"
"08/07/2025";"Oferta missionária";"Oferta para Missões";"Receita";"Missões Mundiais (sugerida pelo ciclo)";"1001,00";"(sem centro)";"";"12536,26";"sem centro de custo"
"18/07/2025";"Oferta missionária";"Oferta para Missões";"Receita";"Missões Mundiais (sugerida pelo ciclo)";"560,00";"(sem centro)";"";"13096,26";"sem centro de custo"
"18/07/2025";"Oferta missionária";"Oferta para Missões";"Receita";"Missões Mundiais (sugerida pelo ciclo)";"200,00";"(sem centro)";"";"13296,26";"sem centro de custo"
"18/07/2025";"Oferta missionária";"Oferta para Missões";"Receita";"Missões Mundiais (sugerida pelo ciclo)";"300,00";"(sem centro)";"";"13596,26";"sem centro de custo"
"18/07/2025";"Oferta missionária";"Oferta para Missões";"Receita";"Missões Mundiais (sugerida pelo ciclo)";"60,00";"(sem centro)";"";"13656,26";"sem centro de custo"
"20/07/2025";"Oferta missionária";"Oferta para Missões";"Receita";"Missões Mundiais (sugerida pelo ciclo)";"50,00";"(sem centro)";"";"13706,26";"sem centro de custo"
"22/07/2025";"Remessa — Junta de Missões Mundiais";"Envio Missionário";"Despesa";"Missões Mundiais";"34216,42";"Min. Evangelismo e Missões";"Envios Missionários";"-20510,16";"Junta Mundial. Remessa principal de Mundiais 2025; confirmada pela Junta (que a lança em 23/07). Maior que o arrecadado do ciclo."
"07/08/2025";"Oferta missionária";"Oferta para Missões";"Receita";"Missões Nacionais (sugerida pelo ciclo)";"19,82";"(sem centro)";"";"-20490,34";"sem centro de custo"
"10/08/2025";"Oferta missionária";"Oferta para Missões";"Receita";"Missões Nacionais (sugerida pelo ciclo)";"10,00";"(sem centro)";"";"-20480,34";"sem centro de custo"
"17/08/2025";"Oferta missionária";"Oferta para Missões";"Receita";"Missões Nacionais (sugerida pelo ciclo)";"109,00";"(sem centro)";"";"-20371,34";"sem centro de custo"
"14/09/2025";"Oferta missionária";"Oferta para Missões";"Receita";"Missões Nacionais (sugerida pelo ciclo)";"100,00";"(sem centro)";"";"-20271,34";"sem centro de custo"
"17/09/2025";"Oferta missionária";"Oferta para Missões";"Receita";"Missões Nacionais (sugerida pelo ciclo)";"207,10";"(sem centro)";"";"-20064,24";"sem centro de custo"
"19/09/2025";"Remessa — Junta de Missões Mundiais";"Envio Missionário";"Despesa";"Missões Mundiais";"783,58";"Min. Evangelismo e Missões";"Envios Missionários";"-20847,82";"Junta Mundial. Complemento de Mundiais 2025 (34.216,42 + 783,58 = 35.000,00 exatos); confirmada pela Junta. O centro gravado dizia 'Nacionais'."
"21/09/2025";"Oferta missionária";"Oferta para Missões";"Receita";"Missões Nacionais (sugerida pelo ciclo)";"50,00";"(sem centro)";"";"-20797,82";"sem centro de custo"
"21/09/2025";"Oferta missionária";"Oferta para Missões";"Receita";"Missões Nacionais (sugerida pelo ciclo)";"100,00";"(sem centro)";"";"-20697,82";"sem centro de custo"
"21/09/2025";"Oferta missionária";"Oferta para Missões";"Receita";"Missões Nacionais (sugerida pelo ciclo)";"15,00";"(sem centro)";"";"-20682,82";"sem centro de custo"
"28/09/2025";"Oferta missionária";"Oferta para Missões";"Receita";"Missões Nacionais (sugerida pelo ciclo)";"20,00";"(sem centro)";"";"-20662,82";"sem centro de custo"
"28/09/2025";"Oferta missionária";"Oferta para Missões";"Receita";"Missões Nacionais (sugerida pelo ciclo)";"300,00";"(sem centro)";"";"-20362,82";"sem centro de custo"
"05/10/2025";"Oferta missionária";"Oferta para Missões";"Receita";"Missões Nacionais (sugerida pelo ciclo)";"50,00";"(sem centro)";"";"-20312,82";"sem centro de custo"
"12/10/2025";"Oferta missionária";"Oferta para Missões";"Receita";"Missões Nacionais (sugerida pelo ciclo)";"5,00";"(sem centro)";"";"-20307,82";"sem centro de custo"
"12/10/2025";"Oferta missionária";"Oferta para Missões";"Receita";"Missões Nacionais (sugerida pelo ciclo)";"60,00";"(sem centro)";"";"-20247,82";"sem centro de custo"
"12/10/2025";"Oferta missionária";"Oferta para Missões";"Receita";"Missões Nacionais (sugerida pelo ciclo)";"10,00";"(sem centro)";"";"-20237,82";"sem centro de custo"
"19/10/2025";"Oferta missionária";"Oferta para Missões";"Receita";"Missões Nacionais (sugerida pelo ciclo)";"50,00";"(sem centro)";"";"-20187,82";"sem centro de custo"
"19/10/2025";"Oferta missionária";"Oferta para Missões";"Receita";"Missões Nacionais (sugerida pelo ciclo)";"150,00";"(sem centro)";"";"-20037,82";"sem centro de custo"
"19/10/2025";"Oferta missionária";"Oferta para Missões";"Receita";"Missões Nacionais (sugerida pelo ciclo)";"1000,00";"(sem centro)";"";"-19037,82";"sem centro de custo"
"19/10/2025";"Oferta missionária";"Oferta para Missões";"Receita";"Missões Nacionais (sugerida pelo ciclo)";"10,00";"(sem centro)";"";"-19027,82";"sem centro de custo"
"26/10/2025";"Oferta missionária";"Oferta para Missões";"Receita";"Missões Nacionais (sugerida pelo ciclo)";"300,00";"(sem centro)";"";"-18727,82";"sem centro de custo"
"26/10/2025";"Oferta missionária";"Oferta para Missões";"Receita";"Missões Nacionais (sugerida pelo ciclo)";"100,00";"(sem centro)";"";"-18627,82";"sem centro de custo"
"02/11/2025";"Oferta missionária";"Oferta para Missões";"Receita";"Missões Nacionais (sugerida pelo ciclo)";"20,00";"(sem centro)";"";"-18607,82";"sem centro de custo"
"08/11/2025";"Oferta missionária";"Oferta para Missões";"Receita";"Missões Nacionais (sugerida pelo ciclo)";"1585,00";"(sem centro)";"";"-17022,82";"sem centro de custo"
"09/11/2025";"Oferta missionária";"Oferta para Missões";"Receita";"Missões Nacionais (sugerida pelo ciclo)";"50,00";"(sem centro)";"";"-16972,82";"sem centro de custo"
"09/11/2025";"Oferta missionária";"Oferta para Missões";"Receita";"Missões Nacionais (sugerida pelo ciclo)";"20,00";"(sem centro)";"";"-16952,82";"sem centro de custo"
"10/11/2025";"Oferta missionária";"Oferta para Missões";"Receita";"Missões Nacionais (sugerida pelo ciclo)";"14,86";"(sem centro)";"";"-16937,96";"sem centro de custo"
"10/11/2025";"Oferta missionária";"Oferta para Missões";"Receita";"Missões Nacionais (sugerida pelo ciclo)";"21,80";"(sem centro)";"";"-16916,16";"sem centro de custo"
"10/11/2025";"Oferta missionária";"Oferta para Missões";"Receita";"Missões Nacionais (sugerida pelo ciclo)";"23,78";"(sem centro)";"";"-16892,38";"sem centro de custo"
"10/11/2025";"Oferta missionária";"Oferta para Missões";"Receita";"Missões Nacionais (sugerida pelo ciclo)";"49,54";"(sem centro)";"";"-16842,84";"sem centro de custo"
"10/11/2025";"Oferta missionária";"Oferta para Missões";"Receita";"Missões Nacionais (sugerida pelo ciclo)";"59,45";"(sem centro)";"";"-16783,39";"sem centro de custo"
"10/11/2025";"Oferta missionária";"Oferta para Missões";"Receita";"Missões Nacionais (sugerida pelo ciclo)";"36,66";"(sem centro)";"";"-16746,73";"sem centro de custo"
"10/11/2025";"Oferta missionária";"Oferta para Missões";"Receita";"Missões Nacionais (sugerida pelo ciclo)";"31,71";"(sem centro)";"";"-16715,02";"sem centro de custo"
"10/11/2025";"Oferta missionária";"Oferta para Missões";"Receita";"Missões Nacionais (sugerida pelo ciclo)";"21,80";"(sem centro)";"";"-16693,22";"sem centro de custo"
"10/11/2025";"Oferta missionária";"Oferta para Missões";"Receita";"Missões Nacionais (sugerida pelo ciclo)";"5,94";"(sem centro)";"";"-16687,28";"sem centro de custo"
"10/11/2025";"Oferta missionária";"Oferta para Missões";"Receita";"Missões Nacionais (sugerida pelo ciclo)";"24,77";"(sem centro)";"";"-16662,51";"sem centro de custo"
"10/11/2025";"Oferta missionária";"Oferta para Missões";"Receita";"Missões Nacionais (sugerida pelo ciclo)";"19,82";"(sem centro)";"";"-16642,69";"sem centro de custo"
"10/11/2025";"Oferta missionária";"Oferta para Missões";"Receita";"Missões Nacionais (sugerida pelo ciclo)";"29,72";"(sem centro)";"";"-16612,97";"sem centro de custo"
"10/11/2025";"Oferta missionária";"Oferta para Missões";"Receita";"Missões Nacionais (sugerida pelo ciclo)";"24,77";"(sem centro)";"";"-16588,20";"sem centro de custo"
"10/11/2025";"Oferta missionária";"Oferta para Missões";"Receita";"Missões Nacionais (sugerida pelo ciclo)";"7,93";"(sem centro)";"";"-16580,27";"sem centro de custo"
"10/11/2025";"Oferta missionária";"Oferta para Missões";"Receita";"Missões Nacionais (sugerida pelo ciclo)";"1063,23";"(sem centro)";"";"-15517,04";"sem centro de custo"
"10/11/2025";"Oferta missionária";"Oferta para Missões";"Receita";"Missões Nacionais (sugerida pelo ciclo)";"79,26";"(sem centro)";"";"-15437,78";"sem centro de custo"
"10/11/2025";"Oferta missionária";"Oferta para Missões";"Receita";"Missões Nacionais (sugerida pelo ciclo)";"49,54";"(sem centro)";"";"-15388,24";"sem centro de custo"
"10/11/2025";"Oferta missionária";"Oferta para Missões";"Receita";"Missões Nacionais (sugerida pelo ciclo)";"74,31";"(sem centro)";"";"-15313,93";"sem centro de custo"
"10/11/2025";"Oferta missionária";"Oferta para Missões";"Receita";"Missões Nacionais (sugerida pelo ciclo)";"19,82";"(sem centro)";"";"-15294,11";"sem centro de custo"
"10/11/2025";"Oferta missionária";"Oferta para Missões";"Receita";"Missões Nacionais (sugerida pelo ciclo)";"39,63";"(sem centro)";"";"-15254,48";"sem centro de custo"
"10/11/2025";"Oferta missionária";"Oferta para Missões";"Receita";"Missões Nacionais (sugerida pelo ciclo)";"9,91";"(sem centro)";"";"-15244,57";"sem centro de custo"
"10/11/2025";"Oferta missionária";"Oferta para Missões";"Receita";"Missões Nacionais (sugerida pelo ciclo)";"52,51";"(sem centro)";"";"-15192,06";"sem centro de custo"
"10/11/2025";"Oferta missionária";"Oferta para Missões";"Receita";"Missões Nacionais (sugerida pelo ciclo)";"19,82";"(sem centro)";"";"-15172,24";"sem centro de custo"
"10/11/2025";"Oferta missionária";"Oferta para Missões";"Receita";"Missões Nacionais (sugerida pelo ciclo)";"29,72";"(sem centro)";"";"-15142,52";"sem centro de custo"
"10/11/2025";"Oferta missionária";"Oferta para Missões";"Receita";"Missões Nacionais (sugerida pelo ciclo)";"26,75";"(sem centro)";"";"-15115,77";"sem centro de custo"
"10/11/2025";"Oferta missionária";"Oferta para Missões";"Receita";"Missões Nacionais (sugerida pelo ciclo)";"49,54";"(sem centro)";"";"-15066,23";"sem centro de custo"
"10/11/2025";"Oferta missionária";"Oferta para Missões";"Receita";"Missões Nacionais (sugerida pelo ciclo)";"120,00";"(sem centro)";"";"-14946,23";"sem centro de custo"
"10/11/2025";"Oferta missionária";"Oferta para Missões";"Receita";"Missões Nacionais (sugerida pelo ciclo)";"253,10";"(sem centro)";"";"-14693,13";"sem centro de custo"
"10/11/2025";"Oferta missionária";"Oferta para Missões";"Receita";"Missões Nacionais (sugerida pelo ciclo)";"12,88";"(sem centro)";"";"-14680,25";"sem centro de custo"
"10/11/2025";"Oferta missionária";"Oferta para Missões";"Receita";"Missões Nacionais (sugerida pelo ciclo)";"200,00";"(sem centro)";"";"-14480,25";"sem centro de custo"
"10/11/2025";"Oferta missionária";"Oferta para Missões";"Receita";"Missões Nacionais (sugerida pelo ciclo)";"19,82";"(sem centro)";"";"-14460,43";"sem centro de custo"
"10/11/2025";"Oferta missionária";"Oferta para Missões";"Receita";"Missões Nacionais (sugerida pelo ciclo)";"59,45";"(sem centro)";"";"-14400,98";"sem centro de custo"
"10/11/2025";"Oferta missionária";"Oferta para Missões";"Receita";"Missões Nacionais (sugerida pelo ciclo)";"79,26";"(sem centro)";"";"-14321,72";"sem centro de custo"
"10/11/2025";"Oferta missionária";"Oferta para Missões";"Receita";"Missões Nacionais (sugerida pelo ciclo)";"19,82";"(sem centro)";"";"-14301,90";"sem centro de custo"
"10/11/2025";"Oferta missionária";"Oferta para Missões";"Receita";"Missões Nacionais (sugerida pelo ciclo)";"2294,80";"(sem centro)";"";"-12007,10";"sem centro de custo"
"10/11/2025";"Oferta missionária";"Oferta para Missões";"Receita";"Missões Nacionais (sugerida pelo ciclo)";"19,82";"(sem centro)";"";"-11987,28";"sem centro de custo"
"10/11/2025";"Oferta missionária";"Oferta para Missões";"Receita";"Missões Nacionais (sugerida pelo ciclo)";"29,72";"(sem centro)";"";"-11957,56";"sem centro de custo"
"10/11/2025";"Oferta missionária";"Oferta para Missões";"Receita";"Missões Nacionais (sugerida pelo ciclo)";"4,95";"(sem centro)";"";"-11952,61";"sem centro de custo"
"10/11/2025";"Oferta missionária";"Oferta para Missões";"Receita";"Missões Nacionais (sugerida pelo ciclo)";"19,82";"(sem centro)";"";"-11932,79";"sem centro de custo"
"10/11/2025";"Oferta missionária";"Oferta para Missões";"Receita";"Missões Nacionais (sugerida pelo ciclo)";"29,72";"(sem centro)";"";"-11903,07";"sem centro de custo"
"10/11/2025";"Oferta missionária";"Oferta para Missões";"Receita";"Missões Nacionais (sugerida pelo ciclo)";"4,95";"(sem centro)";"";"-11898,12";"sem centro de custo"
"11/11/2025";"Oferta missionária";"Oferta para Missões";"Receita";"Missões Nacionais (sugerida pelo ciclo)";"27,00";"(sem centro)";"";"-11871,12";"sem centro de custo"
"11/11/2025";"Oferta missionária";"Oferta para Missões";"Receita";"Missões Nacionais (sugerida pelo ciclo)";"140,19";"(sem centro)";"";"-11730,93";"sem centro de custo"
"11/11/2025";"Oferta missionária";"Oferta para Missões";"Receita";"Missões Nacionais (sugerida pelo ciclo)";"1967,95";"(sem centro)";"";"-9762,98";"sem centro de custo"
"11/11/2025";"Oferta missionária";"Oferta para Missões";"Receita";"Missões Nacionais (sugerida pelo ciclo)";"1235,38";"(sem centro)";"";"-8527,60";"sem centro de custo"
"11/11/2025";"Oferta missionária";"Oferta para Missões";"Receita";"Missões Nacionais (sugerida pelo ciclo)";"210,30";"(sem centro)";"";"-8317,30";"sem centro de custo"
"12/11/2025";"Oferta missionária";"Oferta para Missões";"Receita";"Missões Nacionais (sugerida pelo ciclo)";"10,10";"(sem centro)";"";"-8307,20";"sem centro de custo"
"16/11/2025";"Oferta missionária";"Oferta para Missões";"Receita";"Missões Nacionais (sugerida pelo ciclo)";"50,00";"(sem centro)";"";"-8257,20";"sem centro de custo"
"16/11/2025";"Oferta missionária";"Oferta para Missões";"Receita";"Missões Nacionais (sugerida pelo ciclo)";"50,00";"(sem centro)";"";"-8207,20";"sem centro de custo"
"16/11/2025";"Oferta missionária";"Oferta para Missões";"Receita";"Missões Nacionais (sugerida pelo ciclo)";"20,00";"(sem centro)";"";"-8187,20";"sem centro de custo"
"16/11/2025";"Oferta missionária";"Oferta para Missões";"Receita";"Missões Nacionais (sugerida pelo ciclo)";"4,00";"(sem centro)";"";"-8183,20";"sem centro de custo"
"16/11/2025";"Oferta missionária";"Oferta para Missões";"Receita";"Missões Nacionais (sugerida pelo ciclo)";"300,00";"(sem centro)";"";"-7883,20";"sem centro de custo"
"17/11/2025";"Oferta missionária";"Oferta para Missões";"Receita";"Missões Nacionais (sugerida pelo ciclo)";"28,10";"(sem centro)";"";"-7855,10";"sem centro de custo"
"19/11/2025";"Oferta missionária";"Oferta para Missões";"Receita";"Missões Nacionais (sugerida pelo ciclo)";"10,10";"(sem centro)";"";"-7845,00";"sem centro de custo"
"21/11/2025";"Oferta missionária";"Oferta para Missões";"Receita";"Missões Nacionais (sugerida pelo ciclo)";"1440,01";"(sem centro)";"";"-6404,99";"sem centro de custo"
"23/11/2025";"Oferta missionária";"Oferta para Missões";"Receita";"Missões Nacionais (sugerida pelo ciclo)";"50,00";"(sem centro)";"";"-6354,99";"sem centro de custo"
"23/11/2025";"Oferta missionária";"Oferta para Missões";"Receita";"Missões Nacionais (sugerida pelo ciclo)";"50,00";"(sem centro)";"";"-6304,99";"sem centro de custo"
"24/11/2025";"Oferta missionária";"Oferta para Missões";"Receita";"Missões Nacionais (sugerida pelo ciclo)";"700,10";"(sem centro)";"";"-5604,89";"sem centro de custo"
"30/11/2025";"Oferta missionária";"Oferta para Missões";"Receita";"Missões Nacionais (sugerida pelo ciclo)";"700,00";"(sem centro)";"";"-4904,89";"sem centro de custo"
"30/11/2025";"Oferta missionária";"Oferta para Missões";"Receita";"Missões Nacionais (sugerida pelo ciclo)";"13,54";"(sem centro)";"";"-4891,35";"sem centro de custo"
"30/11/2025";"Oferta missionária";"Oferta para Missões";"Receita";"Missões Nacionais (sugerida pelo ciclo)";"7,30";"(sem centro)";"";"-4884,05";"sem centro de custo"
"30/11/2025";"Oferta missionária";"Oferta para Missões";"Receita";"Missões Nacionais (sugerida pelo ciclo)";"20,00";"(sem centro)";"";"-4864,05";"sem centro de custo"
"01/12/2025";"Oferta missionária";"Oferta para Missões";"Receita";"Missões Nacionais (sugerida pelo ciclo)";"500,01";"(sem centro)";"";"-4364,04";"sem centro de custo"
"05/12/2025";"Oferta missionária";"Oferta para Missões";"Receita";"Missões Nacionais (sugerida pelo ciclo)";"300,01";"(sem centro)";"";"-4064,03";"sem centro de custo"
"05/12/2025";"Oferta missionária";"Oferta para Missões";"Receita";"Missões Nacionais (sugerida pelo ciclo)";"2800,10";"(sem centro)";"";"-1263,93";"sem centro de custo"
"05/12/2025";"Oferta missionária";"Oferta para Missões";"Receita";"Missões Nacionais (sugerida pelo ciclo)";"1400,01";"(sem centro)";"";"136,08";"sem centro de custo"
"06/12/2025";"Oferta missionária";"Oferta para Missões";"Receita";"Missões Nacionais (sugerida pelo ciclo)";"229,83";"(sem centro)";"";"365,91";"sem centro de custo"
"06/12/2025";"Oferta missionária";"Oferta para Missões";"Receita";"Missões Nacionais (sugerida pelo ciclo)";"100,00";"(sem centro)";"";"465,91";"sem centro de custo"
"07/12/2025";"Oferta missionária";"Oferta para Missões";"Receita";"Missões Nacionais (sugerida pelo ciclo)";"50,00";"(sem centro)";"";"515,91";"sem centro de custo"
"07/12/2025";"Oferta missionária";"Oferta para Missões";"Receita";"Missões Nacionais (sugerida pelo ciclo)";"100,00";"(sem centro)";"";"615,91";"sem centro de custo"
"07/12/2025";"Oferta missionária";"Oferta para Missões";"Receita";"Missões Nacionais (sugerida pelo ciclo)";"120,00";"(sem centro)";"";"735,91";"sem centro de custo"
"07/12/2025";"Oferta missionária";"Oferta para Missões";"Receita";"Missões Nacionais (sugerida pelo ciclo)";"200,00";"(sem centro)";"";"935,91";"sem centro de custo"
"07/12/2025";"Oferta missionária";"Oferta para Missões";"Receita";"Missões Nacionais (sugerida pelo ciclo)";"50,00";"(sem centro)";"";"985,91";"sem centro de custo"
"07/12/2025";"Oferta missionária";"Oferta para Missões";"Receita";"Missões Nacionais (sugerida pelo ciclo)";"300,00";"(sem centro)";"";"1285,91";"sem centro de custo"
"08/12/2025";"Oferta missionária";"Oferta para Missões";"Receita";"Missões Nacionais (sugerida pelo ciclo)";"150,01";"(sem centro)";"";"1435,92";"sem centro de custo"
"08/12/2025";"Oferta missionária";"Oferta para Missões";"Receita";"Missões Nacionais (sugerida pelo ciclo)";"300,10";"(sem centro)";"";"1736,02";"sem centro de custo"
"08/12/2025";"Oferta missionária";"Oferta para Missões";"Receita";"Missões Nacionais (sugerida pelo ciclo)";"400,01";"(sem centro)";"";"2136,03";"sem centro de custo"
"08/12/2025";"Oferta missionária";"Oferta para Missões";"Receita";"Missões Nacionais (sugerida pelo ciclo)";"4415,10";"(sem centro)";"";"6551,13";"sem centro de custo"
"09/12/2025";"Oferta missionária";"Oferta para Missões";"Receita";"Missões Nacionais (sugerida pelo ciclo)";"100,10";"(sem centro)";"";"6651,23";"sem centro de custo"
"10/12/2025";"Oferta missionária";"Oferta para Missões";"Receita";"Missões Nacionais (sugerida pelo ciclo)";"100,00";"(sem centro)";"";"6751,23";"sem centro de custo"
"10/12/2025";"Remessa — Junta de Missões Nacionais";"Envio Missionário";"Despesa";"Campanha avulsa";"1000,00";"Min. Evangelismo e Missões";"Envios Missionários";"5751,23";"Junta Nacional. Oferta à JMN (panetones da Cristolândia): campanha avulsa."
"14/12/2025";"Oferta missionária";"Oferta para Missões";"Receita";"Missões Nacionais (sugerida pelo ciclo)";"20,00";"(sem centro)";"";"5771,23";"sem centro de custo"
"14/12/2025";"Oferta missionária";"Oferta para Missões";"Receita";"Missões Nacionais (sugerida pelo ciclo)";"100,00";"(sem centro)";"";"5871,23";"sem centro de custo"
"21/12/2025";"Oferta missionária";"Oferta para Missões";"Receita";"Missões Nacionais (sugerida pelo ciclo)";"20,00";"(sem centro)";"";"5891,23";"sem centro de custo"
"28/12/2025";"Oferta missionária";"Oferta para Missões";"Receita";"Missões Nacionais (sugerida pelo ciclo)";"26,00";"(sem centro)";"";"5917,23";"sem centro de custo"
"28/12/2025";"Oferta missionária";"Oferta para Missões";"Receita";"Missões Nacionais (sugerida pelo ciclo)";"25,00";"(sem centro)";"";"5942,23";"sem centro de custo"
"29/12/2025";"Remessa — Junta de Missões Nacionais";"Envio Missionário";"Despesa";"Missões Nacionais";"28180,00";"Min. Evangelismo e Missões";"Envios Missionários";"-22237,77";"Junta Nacional. Remessa principal de Nacionais 2025 (fecha o ciclo). Quase igual ao arrecadado do ciclo (28.235,97)."
"08/02/2026";"Oferta missionária";"Oferta para Missões";"Receita";"Missões Mundiais (sugerida pelo ciclo)";"5,00";"Missões Mundiais (centro antigo)";"";"-22232,77";""
"29/03/2026";"Oferta missionária";"Oferta para Missões";"Receita";"Missões Mundiais (sugerida pelo ciclo)";"1000,00";"Missões Mundiais (centro antigo)";"";"-21232,77";""
"29/03/2026";"Oferta missionária";"Oferta para Missões";"Receita";"Missões Mundiais (sugerida pelo ciclo)";"30,00";"Missões Mundiais (centro antigo)";"";"-21202,77";""
"05/04/2026";"Oferta missionária";"Oferta para Missões";"Receita";"Missões Mundiais (sugerida pelo ciclo)";"100,00";"Missões Mundiais (centro antigo)";"";"-21102,77";""
"06/04/2026";"Oferta missionária";"Oferta para Missões";"Receita";"Missões Mundiais (sugerida pelo ciclo)";"300,00";"(sem centro)";"";"-20802,77";"sem centro de custo"
"12/04/2026";"Oferta missionária";"Oferta para Missões";"Receita";"Missões Mundiais (sugerida pelo ciclo)";"2,00";"Missões Mundiais (centro antigo)";"";"-20800,77";""
"26/04/2026";"Oferta missionária";"Oferta para Missões";"Receita";"Missões Mundiais (sugerida pelo ciclo)";"100,00";"Missões Mundiais (centro antigo)";"";"-20700,77";""
"06/05/2026";"Oferta missionária";"Oferta para Missões";"Receita";"Missões Mundiais (sugerida pelo ciclo)";"50,10";"Missões Mundiais (centro antigo)";"";"-20650,67";""
"10/05/2026";"Oferta missionária";"Oferta para Missões";"Receita";"Missões Mundiais (sugerida pelo ciclo)";"100,00";"Missões Mundiais (centro antigo)";"";"-20550,67";""
"17/05/2026";"Oferta missionária";"Oferta para Missões";"Receita";"Missões Mundiais (sugerida pelo ciclo)";"150,00";"Missões Mundiais (centro antigo)";"";"-20400,67";""
"17/05/2026";"Oferta missionária";"Oferta para Missões";"Receita";"Missões Mundiais (sugerida pelo ciclo)";"50,00";"Missões Mundiais (centro antigo)";"";"-20350,67";""
"18/05/2026";"Oferta missionária";"Oferta para Missões";"Receita";"Missões Mundiais (sugerida pelo ciclo)";"10,00";"Missões Mundiais (centro antigo)";"";"-20340,67";""
"18/05/2026";"Oferta missionária";"Oferta para Missões";"Receita";"Missões Mundiais (sugerida pelo ciclo)";"15,00";"Missões Mundiais (centro antigo)";"";"-20325,67";""
"18/05/2026";"Oferta missionária";"Oferta para Missões";"Receita";"Missões Mundiais (sugerida pelo ciclo)";"19,47";"Missões Mundiais (centro antigo)";"";"-20306,20";""
"24/05/2026";"Oferta missionária";"Oferta para Missões";"Receita";"Missões Mundiais (sugerida pelo ciclo)";"50,00";"Missões Mundiais (centro antigo)";"";"-20256,20";""
"24/05/2026";"Oferta missionária";"Oferta para Missões";"Receita";"Missões Mundiais (sugerida pelo ciclo)";"200,00";"Missões Mundiais (centro antigo)";"";"-20056,20";""
"24/05/2026";"Oferta missionária";"Oferta para Missões";"Receita";"Missões Mundiais (sugerida pelo ciclo)";"500,00";"Missões Mundiais (centro antigo)";"";"-19556,20";""
"24/05/2026";"Oferta missionária";"Oferta para Missões";"Receita";"Missões Mundiais (sugerida pelo ciclo)";"30,00";"Missões Mundiais (centro antigo)";"";"-19526,20";""
"25/05/2026";"Oferta missionária";"Oferta para Missões";"Receita";"Missões Mundiais (sugerida pelo ciclo)";"60,10";"Missões Mundiais (centro antigo)";"";"-19466,10";""
"25/05/2026";"Oferta missionária";"Oferta para Missões";"Receita";"Missões Mundiais (sugerida pelo ciclo)";"20,10";"Missões Mundiais (centro antigo)";"";"-19446,00";""
"25/05/2026";"Oferta missionária";"Oferta para Missões";"Receita";"Missões Mundiais (sugerida pelo ciclo)";"50,10";"Missões Mundiais (centro antigo)";"";"-19395,90";""
"25/05/2026";"Oferta missionária";"Oferta para Missões";"Receita";"Missões Mundiais (sugerida pelo ciclo)";"20,10";"Missões Mundiais (centro antigo)";"";"-19375,80";""
"25/05/2026";"Oferta missionária";"Oferta para Missões";"Receita";"Missões Mundiais (sugerida pelo ciclo)";"60,10";"Missões Mundiais (centro antigo)";"";"-19315,70";""
"25/05/2026";"Oferta missionária";"Oferta para Missões";"Receita";"Missões Mundiais (sugerida pelo ciclo)";"30,00";"Missões Mundiais (centro antigo)";"";"-19285,70";""
"25/05/2026";"Oferta missionária";"Oferta para Missões";"Receita";"Missões Mundiais (sugerida pelo ciclo)";"20,10";"Missões Mundiais (centro antigo)";"";"-19265,60";""
"25/05/2026";"Oferta missionária";"Oferta para Missões";"Receita";"Missões Mundiais (sugerida pelo ciclo)";"40,10";"Missões Mundiais (centro antigo)";"";"-19225,50";""
"25/05/2026";"Oferta missionária";"Oferta para Missões";"Receita";"Missões Mundiais (sugerida pelo ciclo)";"50,10";"Missões Mundiais (centro antigo)";"";"-19175,40";""
"25/05/2026";"Oferta missionária";"Oferta para Missões";"Receita";"Missões Mundiais (sugerida pelo ciclo)";"10,10";"Missões Mundiais (centro antigo)";"";"-19165,30";""
"25/05/2026";"Oferta missionária";"Oferta para Missões";"Receita";"Missões Mundiais (sugerida pelo ciclo)";"76,06";"Missões Mundiais (centro antigo)";"";"-19089,24";""
"25/05/2026";"Oferta missionária";"Oferta para Missões";"Receita";"Missões Mundiais (sugerida pelo ciclo)";"20,00";"Missões Mundiais (centro antigo)";"";"-19069,24";""
"25/05/2026";"Oferta missionária";"Oferta para Missões";"Receita";"Missões Mundiais (sugerida pelo ciclo)";"20,10";"Missões Mundiais (centro antigo)";"";"-19049,14";""
"25/05/2026";"Oferta missionária";"Oferta para Missões";"Receita";"Missões Mundiais (sugerida pelo ciclo)";"20,10";"Missões Mundiais (centro antigo)";"";"-19029,04";""
"25/05/2026";"Oferta missionária";"Oferta para Missões";"Receita";"Missões Mundiais (sugerida pelo ciclo)";"40,10";"Missões Mundiais (centro antigo)";"";"-18988,94";""
"25/05/2026";"Oferta missionária";"Oferta para Missões";"Receita";"Missões Mundiais (sugerida pelo ciclo)";"20,00";"Missões Mundiais (centro antigo)";"";"-18968,94";""
"25/05/2026";"Oferta missionária";"Oferta para Missões";"Receita";"Missões Mundiais (sugerida pelo ciclo)";"80,10";"Missões Mundiais (centro antigo)";"";"-18888,84";""
"25/05/2026";"Oferta missionária";"Oferta para Missões";"Receita";"Missões Mundiais (sugerida pelo ciclo)";"20,10";"Missões Mundiais (centro antigo)";"";"-18868,74";""
"25/05/2026";"Oferta missionária";"Oferta para Missões";"Receita";"Missões Mundiais (sugerida pelo ciclo)";"10,10";"Missões Mundiais (centro antigo)";"";"-18858,64";""
"25/05/2026";"Oferta missionária";"Oferta para Missões";"Receita";"Missões Mundiais (sugerida pelo ciclo)";"60,10";"Missões Mundiais (centro antigo)";"";"-18798,54";""
"25/05/2026";"Oferta missionária";"Oferta para Missões";"Receita";"Missões Mundiais (sugerida pelo ciclo)";"40,10";"Missões Mundiais (centro antigo)";"";"-18758,44";""
"29/05/2026";"Oferta missionária";"Oferta para Missões";"Receita";"Missões Mundiais (sugerida pelo ciclo)";"100,00";"Missões Mundiais (centro antigo)";"";"-18658,44";""
"29/05/2026";"Oferta missionária";"Oferta para Missões";"Receita";"Missões Mundiais (sugerida pelo ciclo)";"30,10";"Missões Mundiais (centro antigo)";"";"-18628,34";""
"31/05/2026";"Oferta missionária";"Oferta para Missões";"Receita";"Missões Mundiais (sugerida pelo ciclo)";"20,00";"Missões Mundiais (centro antigo)";"";"-18608,34";""
"31/05/2026";"Oferta missionária";"Oferta para Missões";"Receita";"Missões Mundiais (sugerida pelo ciclo)";"100,00";"Missões Mundiais (centro antigo)";"";"-18508,34";""
"01/06/2026";"Oferta missionária";"Oferta para Missões";"Receita";"Missões Mundiais (sugerida pelo ciclo)";"20,10";"Missões Mundiais (centro antigo)";"";"-18488,24";""
"01/06/2026";"Oferta missionária";"Oferta para Missões";"Receita";"Missões Mundiais (sugerida pelo ciclo)";"80,10";"Missões Mundiais (centro antigo)";"";"-18408,14";""
"01/06/2026";"Oferta missionária";"Oferta para Missões";"Receita";"Missões Mundiais (sugerida pelo ciclo)";"20,00";"Missões Mundiais (centro antigo)";"";"-18388,14";""
"01/06/2026";"Oferta missionária";"Oferta para Missões";"Receita";"Missões Mundiais (sugerida pelo ciclo)";"120,10";"Missões Mundiais (centro antigo)";"";"-18268,04";""
"01/06/2026";"Oferta missionária";"Oferta para Missões";"Receita";"Missões Mundiais (sugerida pelo ciclo)";"40,10";"Missões Mundiais (centro antigo)";"";"-18227,94";""
"01/06/2026";"Oferta missionária";"Oferta para Missões";"Receita";"Missões Mundiais (sugerida pelo ciclo)";"60,10";"Missões Mundiais (centro antigo)";"";"-18167,84";""
"01/06/2026";"Oferta missionária";"Oferta para Missões";"Receita";"Missões Mundiais (sugerida pelo ciclo)";"20,10";"Missões Mundiais (centro antigo)";"";"-18147,74";""
"01/06/2026";"Oferta missionária";"Oferta para Missões";"Receita";"Missões Mundiais (sugerida pelo ciclo)";"30,10";"Missões Mundiais (centro antigo)";"";"-18117,64";""
"01/06/2026";"Oferta missionária";"Oferta para Missões";"Receita";"Missões Mundiais (sugerida pelo ciclo)";"30,00";"Missões Mundiais (centro antigo)";"";"-18087,64";""
"01/06/2026";"Oferta missionária";"Oferta para Missões";"Receita";"Missões Mundiais (sugerida pelo ciclo)";"20,10";"Missões Mundiais (centro antigo)";"";"-18067,54";""
"07/06/2026";"Oferta missionária";"Oferta para Missões";"Receita";"Missões Mundiais (sugerida pelo ciclo)";"200,00";"Missões Mundiais (centro antigo)";"";"-17867,54";""
"07/06/2026";"Oferta missionária";"Oferta para Missões";"Receita";"Missões Mundiais (sugerida pelo ciclo)";"100,00";"Missões Mundiais (centro antigo)";"";"-17767,54";""
"07/06/2026";"Oferta missionária";"Oferta para Missões";"Receita";"Missões Mundiais (sugerida pelo ciclo)";"20,00";"Missões Mundiais (centro antigo)";"";"-17747,54";""
"07/06/2026";"Oferta missionária";"Oferta para Missões";"Receita";"Missões Mundiais (sugerida pelo ciclo)";"5,00";"Missões Mundiais (centro antigo)";"";"-17742,54";""
"07/06/2026";"Oferta missionária";"Oferta para Missões";"Receita";"Missões Mundiais (sugerida pelo ciclo)";"15,00";"Missões Mundiais (centro antigo)";"";"-17727,54";""
"08/06/2026";"Oferta missionária";"Oferta para Missões";"Receita";"Missões Mundiais (sugerida pelo ciclo)";"10,10";"Missões Mundiais (centro antigo)";"";"-17717,44";""
"08/06/2026";"Oferta missionária";"Oferta para Missões";"Receita";"Missões Mundiais (sugerida pelo ciclo)";"10,10";"Missões Mundiais (centro antigo)";"";"-17707,34";""
"08/06/2026";"Oferta missionária";"Oferta para Missões";"Receita";"Missões Mundiais (sugerida pelo ciclo)";"140,10";"Missões Mundiais (centro antigo)";"";"-17567,24";""
"08/06/2026";"Oferta missionária";"Oferta para Missões";"Receita";"Missões Mundiais (sugerida pelo ciclo)";"60,10";"Missões Mundiais (centro antigo)";"";"-17507,14";""
"08/06/2026";"Oferta missionária";"Oferta para Missões";"Receita";"Missões Mundiais (sugerida pelo ciclo)";"20,10";"Missões Mundiais (centro antigo)";"";"-17487,04";""
"08/06/2026";"Oferta missionária";"Oferta para Missões";"Receita";"Missões Mundiais (sugerida pelo ciclo)";"30,10";"Missões Mundiais (centro antigo)";"";"-17456,94";""
"09/06/2026";"Oferta missionária";"Oferta para Missões";"Receita";"Missões Mundiais (sugerida pelo ciclo)";"200,00";"Missões Mundiais (centro antigo)";"";"-17256,94";""
"09/06/2026";"Oferta missionária";"Oferta para Missões";"Receita";"Missões Mundiais (sugerida pelo ciclo)";"1000,10";"Missões Mundiais (centro antigo)";"";"-16256,84";""
"11/06/2026";"Oferta missionária";"Oferta para Missões";"Receita";"Missões Mundiais (sugerida pelo ciclo)";"60,10";"Missões Mundiais (centro antigo)";"";"-16196,74";""
"12/06/2026";"Oferta missionária";"Oferta para Missões";"Receita";"Missões Mundiais (sugerida pelo ciclo)";"80,10";"Missões Mundiais (centro antigo)";"";"-16116,64";""
"12/06/2026";"Oferta missionária";"Oferta para Missões";"Receita";"Missões Mundiais (sugerida pelo ciclo)";"40,10";"Missões Mundiais (centro antigo)";"";"-16076,54";""
"13/06/2026";"Oferta missionária";"Oferta para Missões";"Receita";"Missões Mundiais (sugerida pelo ciclo)";"1736,00";"Missões Mundiais (centro antigo)";"";"-14340,54";""
"14/06/2026";"Oferta missionária";"Oferta para Missões";"Receita";"Missões Mundiais (sugerida pelo ciclo)";"44,00";"Missões Mundiais (centro antigo)";"";"-14296,54";""
"14/06/2026";"Oferta missionária";"Oferta para Missões";"Receita";"Missões Mundiais (sugerida pelo ciclo)";"290,00";"Missões Mundiais (centro antigo)";"";"-14006,54";""
"14/06/2026";"Oferta missionária";"Oferta para Missões";"Receita";"Missões Mundiais (sugerida pelo ciclo)";"235,00";"Missões Mundiais (centro antigo)";"";"-13771,54";""
"14/06/2026";"Oferta missionária";"Oferta para Missões";"Receita";"Missões Mundiais (sugerida pelo ciclo)";"20,00";"Missões Mundiais (centro antigo)";"";"-13751,54";""
"15/06/2026";"Oferta missionária";"Oferta para Missões";"Receita";"Missões Mundiais (sugerida pelo ciclo)";"39,63";"Missões Mundiais (centro antigo)";"";"-13711,91";""
"15/06/2026";"Oferta missionária";"Oferta para Missões";"Receita";"Missões Mundiais (sugerida pelo ciclo)";"40,10";"Missões Mundiais (centro antigo)";"";"-13671,81";""
"15/06/2026";"Oferta missionária";"Oferta para Missões";"Receita";"Missões Mundiais (sugerida pelo ciclo)";"69,36";"Missões Mundiais (centro antigo)";"";"-13602,45";""
"15/06/2026";"Oferta missionária";"Oferta para Missões";"Receita";"Missões Mundiais (sugerida pelo ciclo)";"32,70";"Missões Mundiais (centro antigo)";"";"-13569,75";""
"15/06/2026";"Oferta missionária";"Oferta para Missões";"Receita";"Missões Mundiais (sugerida pelo ciclo)";"23,78";"Missões Mundiais (centro antigo)";"";"-13545,97";""
"15/06/2026";"Oferta missionária";"Oferta para Missões";"Receita";"Missões Mundiais (sugerida pelo ciclo)";"49,54";"Missões Mundiais (centro antigo)";"";"-13496,43";""
"15/06/2026";"Oferta missionária";"Oferta para Missões";"Receita";"Missões Mundiais (sugerida pelo ciclo)";"297,29";"Missões Mundiais (centro antigo)";"";"-13199,14";""
"15/06/2026";"Oferta missionária";"Oferta para Missões";"Receita";"Missões Mundiais (sugerida pelo ciclo)";"14,86";"Missões Mundiais (centro antigo)";"";"-13184,28";""
"15/06/2026";"Oferta missionária";"Oferta para Missões";"Receita";"Missões Mundiais (sugerida pelo ciclo)";"39,63";"Missões Mundiais (centro antigo)";"";"-13144,65";""
"15/06/2026";"Oferta missionária";"Oferta para Missões";"Receita";"Missões Mundiais (sugerida pelo ciclo)";"19,82";"Missões Mundiais (centro antigo)";"";"-13124,83";""
"15/06/2026";"Oferta missionária";"Oferta para Missões";"Receita";"Missões Mundiais (sugerida pelo ciclo)";"99,08";"Missões Mundiais (centro antigo)";"";"-13025,75";""
"15/06/2026";"Oferta missionária";"Oferta para Missões";"Receita";"Missões Mundiais (sugerida pelo ciclo)";"59,45";"Missões Mundiais (centro antigo)";"";"-12966,30";""
"15/06/2026";"Oferta missionária";"Oferta para Missões";"Receita";"Missões Mundiais (sugerida pelo ciclo)";"7315,67";"Missões Mundiais (centro antigo)";"";"-5650,63";""
"15/06/2026";"Oferta missionária";"Oferta para Missões";"Receita";"Missões Mundiais (sugerida pelo ciclo)";"1,98";"Missões Mundiais (centro antigo)";"";"-5648,65";""
"15/06/2026";"Oferta missionária";"Oferta para Missões";"Receita";"Missões Mundiais (sugerida pelo ciclo)";"41,61";"Missões Mundiais (centro antigo)";"";"-5607,04";""
"15/06/2026";"Oferta missionária";"Oferta para Missões";"Receita";"Missões Mundiais (sugerida pelo ciclo)";"5,00";"Missões Mundiais (centro antigo)";"";"-5602,04";""
"15/06/2026";"Oferta missionária";"Oferta para Missões";"Receita";"Missões Mundiais (sugerida pelo ciclo)";"44,10";"Missões Mundiais (centro antigo)";"";"-5557,94";""
"15/06/2026";"Oferta missionária";"Oferta para Missões";"Receita";"Missões Mundiais (sugerida pelo ciclo)";"14,86";"Missões Mundiais (centro antigo)";"";"-5543,08";""
"15/06/2026";"Oferta missionária";"Oferta para Missões";"Receita";"Missões Mundiais (sugerida pelo ciclo)";"24,10";"Missões Mundiais (centro antigo)";"";"-5518,98";""
"15/06/2026";"Oferta missionária";"Oferta para Missões";"Receita";"Missões Mundiais (sugerida pelo ciclo)";"3,96";"Missões Mundiais (centro antigo)";"";"-5515,02";""
"15/06/2026";"Oferta missionária";"Oferta para Missões";"Receita";"Missões Mundiais (sugerida pelo ciclo)";"49,54";"Missões Mundiais (centro antigo)";"";"-5465,48";""
"15/06/2026";"Oferta missionária";"Oferta para Missões";"Receita";"Missões Mundiais (sugerida pelo ciclo)";"10,00";"Missões Mundiais (centro antigo)";"";"-5455,48";""
"15/06/2026";"Oferta missionária";"Oferta para Missões";"Receita";"Missões Mundiais (sugerida pelo ciclo)";"14,86";"Missões Mundiais (centro antigo)";"";"-5440,62";""
"15/06/2026";"Oferta missionária";"Oferta para Missões";"Receita";"Missões Mundiais (sugerida pelo ciclo)";"29,72";"Missões Mundiais (centro antigo)";"";"-5410,90";""
"15/06/2026";"Oferta missionária";"Oferta para Missões";"Receita";"Missões Mundiais (sugerida pelo ciclo)";"10,10";"Missões Mundiais (centro antigo)";"";"-5400,80";""
"15/06/2026";"Oferta missionária";"Oferta para Missões";"Receita";"Missões Mundiais (sugerida pelo ciclo)";"10,00";"Missões Mundiais (centro antigo)";"";"-5390,80";""
"15/06/2026";"Oferta missionária";"Oferta para Missões";"Receita";"Missões Mundiais (sugerida pelo ciclo)";"79,26";"Missões Mundiais (centro antigo)";"";"-5311,54";""
"15/06/2026";"Oferta missionária";"Oferta para Missões";"Receita";"Missões Mundiais (sugerida pelo ciclo)";"12,88";"Missões Mundiais (centro antigo)";"";"-5298,66";""
"15/06/2026";"Oferta missionária";"Oferta para Missões";"Receita";"Missões Mundiais (sugerida pelo ciclo)";"118,90";"Missões Mundiais (centro antigo)";"";"-5179,76";""
"15/06/2026";"Oferta missionária";"Oferta para Missões";"Receita";"Missões Mundiais (sugerida pelo ciclo)";"34,68";"Missões Mundiais (centro antigo)";"";"-5145,08";""
"15/06/2026";"Oferta missionária";"Oferta para Missões";"Receita";"Missões Mundiais (sugerida pelo ciclo)";"5,94";"Missões Mundiais (centro antigo)";"";"-5139,14";""
"15/06/2026";"Oferta missionária";"Oferta para Missões";"Receita";"Missões Mundiais (sugerida pelo ciclo)";"31,71";"Missões Mundiais (centro antigo)";"";"-5107,43";""
"15/06/2026";"Oferta missionária";"Oferta para Missões";"Receita";"Missões Mundiais (sugerida pelo ciclo)";"40,10";"Missões Mundiais (centro antigo)";"";"-5067,33";""
"15/06/2026";"Oferta missionária";"Oferta para Missões";"Receita";"Missões Mundiais (sugerida pelo ciclo)";"49,54";"Missões Mundiais (centro antigo)";"";"-5017,79";""
"15/06/2026";"Oferta missionária";"Oferta para Missões";"Receita";"Missões Mundiais (sugerida pelo ciclo)";"22,79";"Missões Mundiais (centro antigo)";"";"-4995,00";""
"15/06/2026";"Oferta missionária";"Oferta para Missões";"Receita";"Missões Mundiais (sugerida pelo ciclo)";"6,94";"Missões Mundiais (centro antigo)";"";"-4988,06";""
"15/06/2026";"Oferta missionária";"Oferta para Missões";"Receita";"Missões Mundiais (sugerida pelo ciclo)";"1,98";"Missões Mundiais (centro antigo)";"";"-4986,08";""
"15/06/2026";"Oferta missionária";"Oferta para Missões";"Receita";"Missões Mundiais (sugerida pelo ciclo)";"59,45";"Missões Mundiais (centro antigo)";"";"-4926,63";""
"15/06/2026";"Oferta missionária";"Oferta para Missões";"Receita";"Missões Mundiais (sugerida pelo ciclo)";"99,08";"Missões Mundiais (centro antigo)";"";"-4827,55";""
"15/06/2026";"Oferta missionária";"Oferta para Missões";"Receita";"Missões Mundiais (sugerida pelo ciclo)";"59,45";"Missões Mundiais (centro antigo)";"";"-4768,10";""
"15/06/2026";"Oferta missionária";"Oferta para Missões";"Receita";"Missões Mundiais (sugerida pelo ciclo)";"9,91";"Missões Mundiais (centro antigo)";"";"-4758,19";""
"15/06/2026";"Oferta missionária";"Oferta para Missões";"Receita";"Missões Mundiais (sugerida pelo ciclo)";"2,97";"Missões Mundiais (centro antigo)";"";"-4755,22";""
"15/06/2026";"Oferta missionária";"Oferta para Missões";"Receita";"Missões Mundiais (sugerida pelo ciclo)";"198,16";"Missões Mundiais (centro antigo)";"";"-4557,06";""
"15/06/2026";"Oferta missionária";"Oferta para Missões";"Receita";"Missões Mundiais (sugerida pelo ciclo)";"50,53";"Missões Mundiais (centro antigo)";"";"-4506,53";""
"15/06/2026";"Oferta missionária";"Oferta para Missões";"Receita";"Missões Mundiais (sugerida pelo ciclo)";"29,72";"Missões Mundiais (centro antigo)";"";"-4476,81";""
"15/06/2026";"Oferta missionária";"Oferta para Missões";"Receita";"Missões Mundiais (sugerida pelo ciclo)";"10,00";"Missões Mundiais (centro antigo)";"";"-4466,81";""
"15/06/2026";"Oferta missionária";"Oferta para Missões";"Receita";"Missões Mundiais (sugerida pelo ciclo)";"29,72";"Missões Mundiais (centro antigo)";"";"-4437,09";""
"15/06/2026";"Oferta missionária";"Oferta para Missões";"Receita";"Missões Mundiais (sugerida pelo ciclo)";"49,54";"Missões Mundiais (centro antigo)";"";"-4387,55";""
"15/06/2026";"Oferta missionária";"Oferta para Missões";"Receita";"Missões Mundiais (sugerida pelo ciclo)";"11,89";"Missões Mundiais (centro antigo)";"";"-4375,66";""
"15/06/2026";"Oferta missionária";"Oferta para Missões";"Receita";"Missões Mundiais (sugerida pelo ciclo)";"29,72";"Missões Mundiais (centro antigo)";"";"-4345,94";""
"15/06/2026";"Oferta missionária";"Oferta para Missões";"Receita";"Missões Mundiais (sugerida pelo ciclo)";"49,54";"Missões Mundiais (centro antigo)";"";"-4296,40";""
"15/06/2026";"Oferta missionária";"Oferta para Missões";"Receita";"Missões Mundiais (sugerida pelo ciclo)";"16,84";"Missões Mundiais (centro antigo)";"";"-4279,56";""
"15/06/2026";"Oferta missionária";"Oferta para Missões";"Receita";"Missões Mundiais (sugerida pelo ciclo)";"19,82";"Missões Mundiais (centro antigo)";"";"-4259,74";""
"15/06/2026";"Oferta missionária";"Oferta para Missões";"Receita";"Missões Mundiais (sugerida pelo ciclo)";"10,10";"Missões Mundiais (centro antigo)";"";"-4249,64";""
"15/06/2026";"Oferta missionária";"Oferta para Missões";"Receita";"Missões Mundiais (sugerida pelo ciclo)";"59,45";"Missões Mundiais (centro antigo)";"";"-4190,19";""
"15/06/2026";"Oferta missionária";"Oferta para Missões";"Receita";"Missões Mundiais (sugerida pelo ciclo)";"22,10";"Missões Mundiais (centro antigo)";"";"-4168,09";""
"15/06/2026";"Oferta missionária";"Oferta para Missões";"Receita";"Missões Mundiais (sugerida pelo ciclo)";"19,82";"Missões Mundiais (centro antigo)";"";"-4148,27";""
"15/06/2026";"Oferta missionária";"Oferta para Missões";"Receita";"Missões Mundiais (sugerida pelo ciclo)";"22,79";"Missões Mundiais (centro antigo)";"";"-4125,48";""
"15/06/2026";"Oferta missionária";"Oferta para Missões";"Receita";"Missões Mundiais (sugerida pelo ciclo)";"18,00";"Missões Mundiais (centro antigo)";"";"-4107,48";""
"15/06/2026";"Oferta missionária";"Oferta para Missões";"Receita";"Missões Mundiais (sugerida pelo ciclo)";"19,82";"Missões Mundiais (centro antigo)";"";"-4087,66";""
"15/06/2026";"Oferta missionária";"Oferta para Missões";"Receita";"Missões Mundiais (sugerida pelo ciclo)";"10,00";"Missões Mundiais (centro antigo)";"";"-4077,66";""
"15/06/2026";"Oferta missionária";"Oferta para Missões";"Receita";"Missões Mundiais (sugerida pelo ciclo)";"19,82";"Missões Mundiais (centro antigo)";"";"-4057,84";""
"15/06/2026";"Oferta missionária";"Oferta para Missões";"Receita";"Missões Mundiais (sugerida pelo ciclo)";"19,82";"Missões Mundiais (centro antigo)";"";"-4038,02";""
"16/06/2026";"Oferta missionária";"Oferta para Missões";"Receita";"Missões Mundiais (sugerida pelo ciclo)";"14,10";"Missões Mundiais (centro antigo)";"";"-4023,92";""
"16/06/2026";"Oferta missionária";"Oferta para Missões";"Receita";"Missões Mundiais (sugerida pelo ciclo)";"15,10";"Missões Mundiais (centro antigo)";"";"-4008,82";""
"16/06/2026";"Oferta missionária";"Oferta para Missões";"Receita";"Missões Mundiais (sugerida pelo ciclo)";"24,10";"Missões Mundiais (centro antigo)";"";"-3984,72";""
"16/06/2026";"Oferta missionária";"Oferta para Missões";"Receita";"Missões Mundiais (sugerida pelo ciclo)";"10,10";"Missões Mundiais (centro antigo)";"";"-3974,62";""
"16/06/2026";"Oferta missionária";"Oferta para Missões";"Receita";"Missões Mundiais (sugerida pelo ciclo)";"22,10";"Missões Mundiais (centro antigo)";"";"-3952,52";""
"17/06/2026";"Oferta missionária";"Oferta para Missões";"Receita";"Missões Mundiais (sugerida pelo ciclo)";"300,01";"Missões Mundiais (centro antigo)";"";"-3652,51";""
"17/06/2026";"Oferta missionária";"Oferta para Missões";"Receita";"Missões Mundiais (sugerida pelo ciclo)";"20,10";"Missões Mundiais (centro antigo)";"";"-3632,41";""
"17/06/2026";"Oferta missionária";"Oferta para Missões";"Receita";"Missões Mundiais (sugerida pelo ciclo)";"40,10";"Missões Mundiais (centro antigo)";"";"-3592,31";""
"17/06/2026";"Oferta missionária";"Oferta para Missões";"Receita";"Missões Mundiais (sugerida pelo ciclo)";"42,99";"Missões Mundiais (centro antigo)";"";"-3549,32";""
"21/06/2026";"Oferta missionária";"Oferta para Missões";"Receita";"Missões Mundiais (sugerida pelo ciclo)";"250,00";"Missões Mundiais (centro antigo)";"";"-3299,32";""
"22/06/2026";"Oferta missionária";"Oferta para Missões";"Receita";"Missões Mundiais (sugerida pelo ciclo)";"300,10";"Missões Mundiais (centro antigo)";"";"-2999,22";""
"25/06/2026";"Oferta missionária";"Oferta para Missões";"Receita";"Missões Mundiais (sugerida pelo ciclo)";"700,10";"Missões Mundiais (centro antigo)";"";"-2299,12";""
"26/06/2026";"Oferta missionária";"Oferta para Missões";"Receita";"Missões Mundiais (sugerida pelo ciclo)";"1000,10";"Missões Mundiais (centro antigo)";"";"-1299,02";""
"26/06/2026";"Oferta missionária";"Oferta para Missões";"Receita";"Missões Mundiais (sugerida pelo ciclo)";"2800,10";"Missões Mundiais (centro antigo)";"";"1501,08";""
"26/06/2026";"Oferta missionária";"Oferta para Missões";"Receita";"Missões Mundiais (sugerida pelo ciclo)";"300,10";"Missões Mundiais (centro antigo)";"";"1801,18";""
"28/06/2026";"Oferta missionária";"Oferta para Missões";"Receita";"Missões Mundiais (sugerida pelo ciclo)";"90,00";"Missões Mundiais (centro antigo)";"";"1891,18";""
"28/06/2026";"Oferta missionária";"Oferta para Missões";"Receita";"Missões Mundiais (sugerida pelo ciclo)";"10,00";"Missões Mundiais (centro antigo)";"";"1901,18";""
"28/06/2026";"Oferta missionária";"Oferta para Missões";"Receita";"Missões Mundiais (sugerida pelo ciclo)";"118,25";"Missões Mundiais (centro antigo)";"";"2019,43";""
"28/06/2026";"Oferta missionária";"Oferta para Missões";"Receita";"Missões Mundiais (sugerida pelo ciclo)";"14,00";"Missões Mundiais (centro antigo)";"";"2033,43";""
"28/06/2026";"Oferta missionária";"Oferta para Missões";"Receita";"Missões Mundiais (sugerida pelo ciclo)";"15,00";"Missões Mundiais (centro antigo)";"";"2048,43";""
"29/06/2026";"Oferta missionária";"Oferta para Missões";"Receita";"Missões Mundiais (sugerida pelo ciclo)";"40,10";"Missões Mundiais (centro antigo)";"";"2088,53";""
"29/06/2026";"Oferta missionária";"Oferta para Missões";"Receita";"Missões Mundiais (sugerida pelo ciclo)";"500,10";"Missões Mundiais (centro antigo)";"";"2588,63";""
"29/06/2026";"Oferta missionária";"Oferta para Missões";"Receita";"Missões Mundiais (sugerida pelo ciclo)";"250,10";"Missões Mundiais (centro antigo)";"";"2838,73";""
"29/06/2026";"Oferta missionária";"Oferta para Missões";"Receita";"Missões Mundiais (sugerida pelo ciclo)";"20,10";"Missões Mundiais (centro antigo)";"";"2858,83";""
"29/06/2026";"Oferta missionária";"Oferta para Missões";"Receita";"Missões Mundiais (sugerida pelo ciclo)";"500,10";"Missões Mundiais (centro antigo)";"";"3358,93";""
"30/06/2026";"Oferta missionária";"Oferta para Missões";"Receita";"Missões Mundiais (sugerida pelo ciclo)";"400,10";"Missões Mundiais (centro antigo)";"";"3759,03";""
"01/07/2026";"Oferta missionária";"Oferta para Missões";"Receita";"Missões Mundiais (sugerida pelo ciclo)";"2000,10";"Missões Mundiais (centro antigo)";"";"5759,13";""
"03/07/2026";"Oferta missionária";"Oferta para Missões";"Receita";"Missões Mundiais (sugerida pelo ciclo)";"40,10";"Missões Mundiais (centro antigo)";"";"5799,23";""
"05/07/2026";"Oferta missionária";"Oferta para Missões";"Receita";"Missões Mundiais (sugerida pelo ciclo)";"100,00";"Missões Mundiais (centro antigo)";"";"5899,23";""
"06/07/2026";"Oferta missionária";"Oferta para Missões";"Receita";"Missões Mundiais (sugerida pelo ciclo)";"450,10";"Missões Mundiais (centro antigo)";"";"6349,33";""
"07/07/2026";"Remessa — Junta de Missões Mundiais";"Envio Missionário";"Despesa";"Missões Mundiais";"26660,23";"Min. Evangelismo e Missões";"Envios Missionários";"-20310,90";"Junta Mundial. Remessa principal de Mundiais 2026. A Junta ainda não validou (o histórico dela vai até set/2025)."
"21/07/2026";"Oferta missionária";"Oferta para Missões";"Receita";"Missões Nacionais (sugerida pelo ciclo)";"1500,00";"Missões Mundiais (centro antigo)";"";"-18810,90";""
"29/07/2026";"Oferta missionária";"Oferta para Missões";"Receita";"Missões Nacionais (sugerida pelo ciclo)";"2450,10";"Missões Mundiais (centro antigo)";"";"-16360,80";""
"02/08/2026";"Oferta missionária";"Oferta para Missões";"Receita";"Missões Nacionais (sugerida pelo ciclo)";"20,00";"Missões Mundiais (centro antigo)";"";"-16340,80";""
"06/09/2026";"Oferta missionária";"Oferta para Missões";"Receita";"Missões Nacionais (sugerida pelo ciclo)";"50,00";"Missões Mundiais (centro antigo)";"";"-16290,80";""
"20/09/2026";"Oferta missionária";"Oferta para Missões";"Receita";"Missões Nacionais (sugerida pelo ciclo)";"20,00";"Missões Mundiais (centro antigo)";"";"-16270,80";""